date,tensorflow,pytorch,keras,scikit-learn,data_dev_library,machine learning,deep learning,big data,data mining,data science,analyse de données,svm,kmeans,xgboost,random forest,neural networks,reinforcement learning,regressions,hugging face,transformers,langchain,ollama,hugging-face,docker,kubernetes,css,javascript,sql,spark,airflow,hadoop,postgresql,hive,java,python,c#,r,c++,matlab,ia générative,chatGPT,llm,gan,rag,prompt,azure,gcp,cloud,ovh,aws,ai act,rgpd,dsa/dma,analyse d'images,analyse/synthèse vocale,nlp non génératif,traitement du signal,maintenance,contrôle qualité,logistique,relation client,prévision de la demande,chatbot,prise de décision,veille,génération de texte,"other nlp (nltk, spacy)",machine learning_roll3,deep learning_roll3,big data_roll3,data mining_roll3,data science_roll3,ia générative_roll3
2019-01-01,0.05737704918032787,0.00819672131147541,0.01639344262295082,0.00819672131147541,0.28688524590163933,0.3237704918032787,0.09836065573770492,0.4918032786885246,0.05327868852459016,0.29098360655737704,0.06557377049180328,0.004098360655737705,0.0,0.004098360655737705,0.004098360655737705,0.036885245901639344,0.00819672131147541,0.0,0.0,0.0,0.0,0.0,0.0,0.040983606557377046,0.012295081967213115,0.020491803278688523,0.03278688524590164,0.19262295081967212,0.1680327868852459,0.004098360655737705,0.18032786885245902,0.01639344262295082,0.036885245901639344,0.19672131147540983,0.4098360655737705,0.028688524590163935,0.29508196721311475,0.319672131147541,0.045081967213114756,0.0,0.0,0.0,0.00819672131147541,0.0,0.0,0.045081967213114756,0.02459016393442623,0.18032786885245902,0.0,0.05327868852459016,0.0,0.00819672131147541,0.0,0.09836065573770492,0.00819672131147541,0.045081967213114756,0.04918032786885246,0.01639344262295082,0.004098360655737705,0.0,0.03278688524590164,0.0,0.01639344262295082,0.040983606557377046,0.11065573770491803,0.0,0.004098360655737705,,,,,,
2019-02-01,0.03745318352059925,0.011235955056179775,0.03745318352059925,0.02247191011235955,0.34831460674157305,0.3445692883895131,0.11235955056179775,0.47191011235955055,0.056179775280898875,0.24719101123595505,0.08614232209737828,0.0149812734082397,0.0,0.003745318352059925,0.02247191011235955,0.08614232209737828,0.011235955056179775,0.0,0.0,0.0,0.0,0.0,0.0,0.0599250936329588,0.026217228464419477,0.03745318352059925,0.026217228464419477,0.21348314606741572,0.1947565543071161,0.003745318352059925,0.23220973782771537,0.0299625468164794,0.07116104868913857,0.1760299625468165,0.40074906367041196,0.033707865168539325,0.20973782771535582,0.299625468164794,0.0599250936329588,0.0,0.0,0.0,0.011235955056179775,0.0,0.0,0.0299625468164794,0.018726591760299626,0.16104868913857678,0.0,0.06367041198501873,0.0,0.00749063670411985,0.0,0.08239700374531835,0.00749063670411985,0.052434456928838954,0.0449438202247191,0.00749063670411985,0.00749063670411985,0.003745318352059925,0.0449438202247191,0.003745318352059925,0.018726591760299626,0.018726591760299626,0.08239700374531835,0.0,0.00749063670411985,,,,,,
2019-03-01,0.08396124865446716,0.024757804090419805,0.04305705059203445,0.03767491926803014,0.35522066738428415,0.43057050592034446,0.21420882669537136,0.4370290635091496,0.0721205597416577,0.32831001076426264,0.1108719052744887,0.017222820236813777,0.0032292787944025836,0.005382131324004306,0.02906350914962325,0.06350914962325081,0.021528525296017224,0.002152852529601722,0.0,0.0,0.0,0.0,0.0,0.07319698600645856,0.030139935414424113,0.04090419806243272,0.062432723358449946,0.2755651237890204,0.1689989235737352,0.0032292787944025836,0.15285252960172227,0.03229278794402583,0.05059203444564048,0.19268030139935413,0.4542518837459634,0.04628632938643703,0.30462863293864373,0.28417653390742736,0.038751345532831,0.0,0.0,0.0,0.005382131324004306,0.0,0.0,0.04413347685683531,0.031216361679224973,0.17545748116254037,0.005382131324004306,0.062432723358449946,0.0,0.007534983853606028,0.0,0.1108719052744887,0.008611410118406888,0.07857911733046287,0.038751345532831,0.02583423035522067,0.008611410118406888,0.0032292787944025836,0.03444564047362755,0.001076426264800861,0.00968783638320775,0.04520990312163617,0.10333692142088267,0.0,0.007534983853606028,36.63034287043788,14.164301099829135,46.69141515190749,6.052634118238224,28.882820951919825,0.0
2019-04-01,0.06170598911070781,0.014519056261343012,0.021778584392014518,0.019963702359346643,0.4482758620689655,0.3248638838475499,0.11796733212341198,0.47368421052631576,0.09437386569872959,0.2631578947368421,0.10163339382940109,0.012704174228675136,0.003629764065335753,0.007259528130671506,0.025408348457350273,0.047186932849364795,0.007259528130671506,0.0,0.0,0.0,0.0,0.0,0.0,0.0780399274047187,0.02722323049001815,0.050816696914700546,0.06533575317604355,0.36116152450090744,0.18330308529945555,0.0,0.18148820326678766,0.034482758620689655,0.05989110707803993,0.16333938294010888,0.35934664246823955,0.045372050816696916,0.2831215970961887,0.2631578947368421,0.038112522686025406,0.0,0.0,0.0,0.0,0.0,0.0,0.02722323049001815,0.029038112522686024,0.16152450090744103,0.0,0.050816696914700546,0.0,0.007259528130671506,0.0,0.06715063520871144,0.003629764065335753,0.05989110707803993,0.047186932849364795,0.019963702359346643,0.0054446460980036296,0.003629764065335753,0.038112522686025406,0.0,0.019963702359346643,0.043557168784029036,0.0925589836660617,0.0,0.0018148820326678765,36.666789271913586,14.817856979352703,46.0874462131672,7.422473357376204,27.95529722456866,0.0
2019-05-01,0.07517899761336516,0.034606205250596656,0.050119331742243436,0.025059665871121718,0.4307875894988067,0.2852028639618138,0.11933174224343675,0.5,0.06921241050119331,0.3054892601431981,0.08711217183770883,0.021479713603818614,0.002386634844868735,0.00477326968973747,0.0405727923627685,0.07875894988066826,0.003579952267303103,0.0,0.0,0.0,0.0,0.0,0.0,0.07040572792362769,0.028639618138424822,0.021479713603818614,0.045346062052505964,0.30787589498806683,0.24343675417661098,0.007159904534606206,0.23389021479713604,0.021479713603818614,0.0513126491646778,0.17064439140811455,0.3436754176610978,0.03699284009546539,0.2350835322195704,0.23627684964200477,0.03341288782816229,0.0,0.0,0.0,0.0,0.0,0.0,0.02386634844868735,0.03341288782816229,0.1575178997613365,0.003579952267303103,0.03579952267303103,0.0,0.02386634844868735,0.002386634844868735,0.06921241050119331,0.015513126491646777,0.045346062052505964,0.028639618138424822,0.03937947494033413,0.0059665871121718375,0.0011933174224343676,0.03579952267303103,0.0,0.014319809069212411,0.025059665871121718,0.09188544152744631,0.0,0.002386634844868735,34.68790845765694,15.050263368740671,47.023775801182175,7.85689453138602,29.89857218814343,0.0
2019-06-01,0.087248322147651,0.020134228187919462,0.02348993288590604,0.007829977628635347,0.37024608501118567,0.319910514541387,0.17337807606263983,0.5234899328859061,0.10067114093959731,0.2986577181208054,0.1185682326621924,0.010067114093959731,0.0011185682326621924,0.0022371364653243847,0.021252796420581657,0.053691275167785234,0.005592841163310962,0.0,0.0,0.0,0.0,0.0,0.0,0.05704697986577181,0.029082774049217,0.07606263982102908,0.09060402684563758,0.27181208053691275,0.18568232662192394,0.006711409395973154,0.20246085011185683,0.030201342281879196,0.07494407158836688,0.17225950782997762,0.3422818791946309,0.040268456375838924,0.2516778523489933,0.3243847874720358,0.04586129753914989,0.0,0.0,0.0,0.0022371364653243847,0.0,0.0,0.03243847874720358,0.02237136465324385,0.17002237136465326,0.0,0.03691275167785235,0.0,0.017897091722595078,0.007829977628635347,0.053691275167785234,0.006711409395973154,0.0436241610738255,0.024608501118568233,0.02348993288590604,0.016778523489932886,0.0022371364653243847,0.040268456375838924,0.0022371364653243847,0.010067114093959731,0.03467561521252797,0.12080536912751678,0.0,0.0044742729306487695,30.999242078358357,13.68923834764962,49.9058047804074,8.808580571317341,28.910162433361524,0.0
2019-07-01,0.08391608391608392,0.03636363636363636,0.03776223776223776,0.01818181818181818,0.3622377622377622,0.35104895104895106,0.16223776223776223,0.45734265734265733,0.0965034965034965,0.35104895104895106,0.1076923076923077,0.013986013986013986,0.002797202797202797,0.0013986013986013986,0.03636363636363636,0.07552447552447553,0.02937062937062937,0.0,0.0,0.0,0.0,0.0,0.0,0.06153846153846154,0.032167832167832165,0.044755244755244755,0.04755244755244755,0.27412587412587414,0.17902097902097902,0.005594405594405594,0.1888111888111888,0.023776223776223775,0.07272727272727272,0.17622377622377622,0.4013986013986014,0.03776223776223776,0.3048951048951049,0.3020979020979021,0.05174825174825175,0.0,0.0,0.0,0.002797202797202797,0.0,0.0,0.039160839160839164,0.01818181818181818,0.15944055944055943,0.0,0.04895104895104895,0.0,0.016783216783216783,0.0,0.0965034965034965,0.008391608391608392,0.043356643356643354,0.03496503496503497,0.019580419580419582,0.016783216783216783,0.0,0.03776223776223776,0.002797202797202797,0.008391608391608392,0.03496503496503497,0.08951048951048951,0.0,0.0013986013986013986,31.8720776517384,15.164919351461295,49.36108634095211,8.879568264809572,31.83986431043182,0.0
2019-08-01,0.060955518945634266,0.02471169686985173,0.042833607907743,0.011532125205930808,0.43492586490939045,0.357495881383855,0.17957166392092258,0.5749588138385503,0.07413509060955518,0.3443163097199341,0.10873146622734761,0.02471169686985173,0.006589785831960461,0.0032948929159802307,0.04118616144975288,0.039538714991762765,0.018121911037891267,0.0,0.0,0.0,0.0,0.0,0.0,0.09060955518945635,0.02800658978583196,0.03459637561779242,0.05271828665568369,0.34102141680395387,0.2471169686985173,0.004942339373970346,0.22240527182866557,0.036243822075782535,0.10049423393739704,0.20098846787479407,0.4200988467874794,0.044481054365733116,0.2586490939044481,0.2751235584843493,0.032948929159802305,0.0,0.0,0.0,0.006589785831960461,0.0,0.0,0.039538714991762765,0.02471169686985173,0.2026359143327842,0.0016474464579901153,0.05930807248764415,0.0,0.018121911037891267,0.0,0.047775947281713346,0.0016474464579901153,0.07742998352553541,0.029654036243822075,0.026359143327841845,0.016474464579901153,0.0,0.03789126853377265,0.0016474464579901153,0.004942339373970346,0.05271828665568369,0.15650741350906094,0.0,0.0016474464579901153,34.28184489913977,17.17291674071082,51.85971346890379,9.043657601754967,33.13409929632302,0.0
2019-09-01,0.06900878293601004,0.026348808030112924,0.01756587202007528,0.020075282308657464,0.40526976160602257,0.34880803011292344,0.19698870765370138,0.493099121706399,0.060225846925972396,0.3613550815558344,0.12045169385194479,0.018820577164366373,0.010037641154328732,0.0012547051442910915,0.04015056461731493,0.06148055207026349,0.02258469259723965,0.002509410288582183,0.0,0.0,0.0,0.0,0.0,0.06398996235884567,0.03262233375156838,0.03513174404015056,0.060225846925972396,0.3111668757841907,0.20451693851944794,0.0037641154328732747,0.18946047678795483,0.033877038895859475,0.07904642409033877,0.17314930991217065,0.44165621079046424,0.04265997490589712,0.2973651191969887,0.342534504391468,0.05897114178168131,0.0,0.0,0.0,0.005018820577164366,0.0,0.0,0.06524466750313676,0.02132998745294856,0.20828105395232122,0.002509410288582183,0.0740276035131744,0.0,0.00878293601003764,0.0,0.09661229611041405,0.0037641154328732747,0.06148055207026349,0.0451693851944793,0.028858218318695106,0.01756587202007528,0.0,0.05520702634880803,0.0,0.010037641154328732,0.01756587202007528,0.11166875784190715,0.0,0.0012547051442910915,35.245095418190985,17.959937793746207,50.846686429586896,7.695481134634136,35.224011410823984,0.0
2019-10-01,0.07218683651804671,0.03680113234253362,0.03043170559094126,0.036093418259023353,0.4019815994338287,0.37791932059447986,0.1740976645435244,0.4996461429582449,0.05803255484784147,0.4062278839348903,0.1408351026185421,0.009907997169143666,0.006369426751592357,0.003538570417551309,0.02689313517338995,0.060155697098372256,0.019815994338287332,0.0007077140835102619,0.0,0.0014154281670205238,0.0,0.0,0.0014154281670205238,0.06086341118188252,0.025477707006369428,0.029723991507430998,0.04883227176220807,0.2802547770700637,0.23708421797593773,0.003538570417551309,0.21797593772116064,0.020523708421797595,0.08492569002123142,0.21656050955414013,0.47629157820240625,0.03184713375796178,0.24416135881104034,0.31422505307855625,0.059447983014861996,0.0,0.0,0.0,0.009200283085633405,0.0,0.0,0.05024769992922859,0.02335456475583864,0.20169851380042464,0.0014154281670205238,0.06157112526539278,0.0,0.005661712668082095,0.0,0.06440198159943383,0.020523708421797595,0.07006369426751592,0.05449398443029016,0.039631988676574664,0.020523708421797595,0.0,0.060155697098372256,0.0021231422505307855,0.012031139419674451,0.02264685067232838,0.12384996461429583,0.0,0.008492569002123142,36.140774403041945,18.355267870604948,52.25680261677314,6.413116412778969,37.06330917368863,0.0
2019-11-01,0.08011049723756906,0.04350828729281768,0.029005524861878452,0.0393646408839779,0.39226519337016574,0.38535911602209943,0.16988950276243095,0.5089779005524862,0.04558011049723757,0.35704419889502764,0.11533149171270718,0.008287292817679558,0.0055248618784530384,0.004143646408839779,0.017265193370165747,0.08080110497237569,0.024171270718232045,0.0006906077348066298,0.0,0.0,0.0,0.0,0.0,0.06975138121546962,0.022790055248618785,0.020027624309392266,0.052486187845303865,0.2513812154696133,0.23273480662983426,0.017265193370165747,0.20303867403314918,0.015193370165745856,0.08632596685082873,0.2272099447513812,0.4744475138121547,0.03522099447513812,0.26450276243093923,0.31353591160220995,0.07941988950276244,0.0,0.0,0.0,0.009668508287292817,0.0,0.0,0.06975138121546962,0.026243093922651933,0.2106353591160221,0.0013812154696132596,0.07527624309392265,0.0,0.007596685082872928,0.0,0.06284530386740332,0.011049723756906077,0.060082872928176795,0.04834254143646409,0.04765193370165746,0.012430939226519336,0.0020718232044198894,0.06284530386740332,0.0027624309392265192,0.012430939226519336,0.03660220994475138,0.10151933701657459,0.0,0.0027624309392265192,37.06954889098342,18.03252916532189,50.057438840571,5.461283742368382,37.487572146191745,0.0
2019-12-01,0.0710172744721689,0.04670505438259757,0.046065259117082535,0.045425463851567496,0.39731285988483683,0.36340371081253997,0.15866922584772872,0.48432501599488165,0.03902751119641715,0.36788227767114523,0.12987843889955214,0.004478566858605247,0.007677543186180422,0.010876519513755598,0.010236724248240563,0.052463211772232884,0.01599488163787588,0.0006397952655150352,0.0,0.0,0.0,0.0,0.0,0.08701215611004479,0.05566218809980806,0.03326935380678183,0.0563019833653231,0.2635956493921945,0.23736404350607807,0.008317338451695458,0.23224568138195778,0.012795905310300703,0.08829174664107485,0.22264875239923224,0.472168905950096,0.04350607805502239,0.26615483045425464,0.31925783749200254,0.053742802303262956,0.0,0.0,0.0,0.007037747920665387,0.0,0.0,0.06525911708253358,0.037747920665387076,0.24440179142674345,0.0019193857965451055,0.07293666026871401,0.0,0.01471529110684581,0.0,0.06589891234804862,0.008957133717210493,0.09788867562380038,0.046065259117082535,0.044785668586052464,0.009596928982725527,0.0006397952655150352,0.08509277031349968,0.003198976327575176,0.030710172744721688,0.023672424824056303,0.11516314779270634,0.0019193857965451055,0.012795905310300703,37.556071580970645,16.755213105122806,49.76496865018709,4.754672551383207,37.70514535003544,0.0
2020-01-01,0.09070422535211267,0.05352112676056338,0.05746478873239436,0.049014084507042255,0.37408450704225354,0.39042253521126763,0.2230985915492958,0.5290140845070422,0.04225352112676056,0.37690140845070425,0.10647887323943662,0.007323943661971831,0.007323943661971831,0.023661971830985916,0.02028169014084507,0.05971830985915493,0.025915492957746478,0.0011267605633802818,0.0,0.0011267605633802818,0.0,0.0,0.0011267605633802818,0.10535211267605633,0.0523943661971831,0.03774647887323944,0.0647887323943662,0.28225352112676055,0.21070422535211267,0.014084507042253521,0.17746478873239438,0.016901408450704224,0.06704225352112676,0.21859154929577465,0.5002816901408451,0.043943661971830986,0.29183098591549295,0.3408450704225352,0.0523943661971831,0.0,0.0,0.0,0.009014084507042254,0.0,0.0,0.08225352112676056,0.04619718309859155,0.24507042253521127,0.0033802816901408453,0.08338028169014085,0.0,0.02140845070422535,0.0,0.07887323943661972,0.0067605633802816905,0.11943661971830986,0.04112676056338028,0.03323943661971831,0.02028169014084507,0.0016901408450704226,0.08394366197183098,0.0011267605633802818,0.03774647887323944,0.024788732394366197,0.08845070422535212,0.0022535211267605635,0.010704225352112675,37.97284540153023,18.388577338648517,50.74390003514701,4.228704760680509,36.72759616722923,0.0
2020-02-01,0.08117099135063206,0.046573519627411845,0.03526280771789754,0.029940119760479042,0.4018629407850965,0.37059214903526283,0.20093147039254824,0.5302727877578177,0.039254823685961414,0.37059214903526283,0.11177644710578842,0.008649367930805056,0.0013306719893546241,0.015968063872255488,0.011976047904191617,0.054557551563539586,0.01330671989354624,0.001996007984031936,0.0,0.0,0.0,0.0,0.0,0.07518296739853626,0.036593479707252165,0.030605455755156354,0.0665335994677312,0.3147039254823686,0.2155688622754491,0.009314703925482368,0.20026613439787092,0.02594810379241517,0.07252162341982701,0.18363273453093812,0.49966733200266134,0.05588822355289421,0.2940785096473719,0.33399866932801064,0.057218895542248835,0.0,0.0,0.0,0.00665335994677312,0.0,0.0,0.08383233532934131,0.054557551563539586,0.18762475049900199,0.001996007984031936,0.0658682634730539,0.0,0.023286759813705923,0.0,0.08649367930805056,0.0053226879574184965,0.0998003992015968,0.041916167664670656,0.015968063872255488,0.015968063872255488,0.001996007984031936,0.07651363938789088,0.0006653359946773121,0.02594810379241517,0.03260146373918829,0.13040585495675316,0.0006653359946773121,0.012641383898868928,37.48061316863567,19.423309592985756,51.45372960865805,4.017861866971304,37.17919450523708,0.0
2020-03-01,0.05995558845299778,0.033308660251665435,0.028127313101406367,0.030347890451517395,0.41820873427091043,0.34122871946706146,0.18652849740932642,0.5129533678756477,0.0458919319022946,0.40266469282013323,0.13175425610658772,0.011102886750555145,0.0022205773501110288,0.013323464100666173,0.011102886750555145,0.04811250925240563,0.01924500370096225,0.0007401924500370096,0.0,0.0,0.0,0.0,0.0,0.09104367135455219,0.04441154700222058,0.0229459659511473,0.076980014803849,0.32790525536639525,0.22871946706143598,0.014063656550703183,0.20651369356032567,0.0229459659511473,0.08068097705403404,0.20873427091043673,0.4707623982235381,0.06069578090303479,0.2975573649148779,0.37823834196891193,0.034048852701702444,0.0,0.0,0.0,0.006661732050333087,0.0,0.0,0.06513693560325684,0.05107327905255366,0.2005921539600296,0.0007401924500370096,0.07772020725388601,0.0,0.014803849000740192,0.0014803849000740192,0.07031828275351591,0.0029607698001480384,0.0843819393042191,0.007401924500370096,0.034048852701702444,0.028127313101406367,0.0,0.07327905255366396,0.0,0.03478904515173945,0.031088082901554404,0.11769059955588453,0.0,0.014063656550703183,36.74144679045306,20.351951978372348,52.408008004683595,4.246675890500553,38.33860834353668,0.0
2020-04-01,0.059422750424448216,0.017826825127334467,0.0365025466893039,0.01867572156196944,0.42105263157894735,0.32597623089983024,0.16383701188455008,0.5280135823429541,0.04074702886247878,0.3777589134125637,0.1434634974533107,0.003395585738539898,0.008488964346349746,0.0008488964346349745,0.014431239388794566,0.0365025466893039,0.012733446519524618,0.0,0.0,0.0,0.0,0.0,0.0,0.1035653650254669,0.06112054329371817,0.021222410865874362,0.0636672325976231,0.3293718166383701,0.22071307300509338,0.011884550084889643,0.21561969439728354,0.0365025466893039,0.07809847198641766,0.21392190152801357,0.4363327674023769,0.05263157894736842,0.2801358234295416,0.36502546689303905,0.02461799660441426,0.0,0.0,0.0,0.00933786078098472,0.0,0.0,0.06196943972835314,0.038200339558573854,0.22835314091680814,0.0025466893039049238,0.07470288624787776,0.0,0.016129032258064516,0.0008488964346349745,0.08488964346349745,0.0,0.09252971137521222,0.021222410865874362,0.007640067911714771,0.014431239388794566,0.0,0.08743633276740238,0.0,0.04753820033955857,0.028862478777589132,0.11290322580645161,0.0,0.012733446519524618,34.59323664673848,18.37656598954749,52.37465793254732,4.19645948169116,38.36719184226532,0.0
2020-05-01,0.07583547557840617,0.03598971722365039,0.033419023136246784,0.017994858611825194,0.37017994858611825,0.32904884318766064,0.16323907455012854,0.4652956298200514,0.04884318766066838,0.4023136246786632,0.13496143958868895,0.008997429305912597,0.015424164524421594,0.002570694087403599,0.015424164524421594,0.055269922879177376,0.011568123393316195,0.0,0.0,0.0,0.0,0.0,0.0,0.10668380462724936,0.05141388174807198,0.030848329048843187,0.07583547557840617,0.30205655526992287,0.15424164524421594,0.028277634961439587,0.16709511568123395,0.043701799485861184,0.09768637532133675,0.18380462724935734,0.5167095115681234,0.042416452442159386,0.2827763496143959,0.3791773778920309,0.02056555269922879,0.0,0.0,0.0,0.006426735218508998,0.0,0.0,0.05141388174807198,0.04755784061696658,0.17994858611825193,0.0038560411311053984,0.06426735218508997,0.0,0.021850899742930592,0.0,0.07197943444730077,0.0,0.06812339331619537,0.019280205655526992,0.006426735218508998,0.010282776349614395,0.0,0.09897172236503857,0.005141388174807198,0.030848329048843187,0.021850899742930592,0.10668380462724936,0.0,0.008997429305912597,33.208459785151746,17.12015279480017,50.20875266795512,4.516071614181392,39.424574363712004,0.0
2020-06-01,0.08784596871239471,0.01684717208182912,0.031287605294825514,0.021660649819494584,0.36823104693140796,0.3525872442839952,0.15643802647412755,0.38748495788206977,0.04693140794223827,0.37906137184115524,0.11913357400722022,0.0,0.010830324909747292,0.006016847172081829,0.018050541516245487,0.05896510228640193,0.007220216606498195,0.0,0.0,0.0,0.0,0.0,0.0,0.11191335740072202,0.04091456077015644,0.03730445246690734,0.08543922984356198,0.28760529482551145,0.148014440433213,0.006016847172081829,0.14199759326113118,0.031287605294825514,0.05415162454873646,0.2503008423586041,0.4729241877256318,0.05415162454873646,0.30324909747292417,0.3658243080625752,0.04332129963898917,0.0,0.0,0.0,0.0036101083032490976,0.0,0.0,0.052948255114320095,0.03850782190132371,0.18772563176895307,0.0,0.09987966305655836,0.0,0.015643802647412757,0.0,0.12154031287605295,0.0012033694344163659,0.049338146811071,0.03730445246690734,0.02045728038507822,0.019253910950661854,0.0012033694344163659,0.05776173285198556,0.009626955475330927,0.019253910950661854,0.030084235860409144,0.11070998796630566,0.0,0.0024067388688327317,33.58707727904953,16.117137096960207,46.02647233483584,4.550720815512847,38.63779699774607,0.0
2020-07-01,0.0874751491053678,0.0268389662027833,0.02286282306163022,0.017892644135188866,0.31709741550695825,0.30318091451292245,0.18091451292246521,0.40755467196819084,0.0874751491053678,0.43439363817097415,0.13618290258449303,0.007952286282306162,0.0009940357852882703,0.008946322067594433,0.002982107355864811,0.0536779324055666,0.007952286282306162,0.0,0.0,0.0,0.0,0.0,0.0,0.1272365805168986,0.0805168986083499,0.02186878727634195,0.0705765407554672,0.2355864811133201,0.13320079522862824,0.012922465208747515,0.12922465208747516,0.015904572564612324,0.05467196819085487,0.19383697813121273,0.47912524850894633,0.03180914512922465,0.28330019880715707,0.32703777335984097,0.036779324055666,0.0,0.0,0.0,0.003976143141153081,0.0,0.0,0.10536779324055666,0.06958250497017893,0.23757455268389663,0.003976143141153081,0.10238568588469185,0.0,0.015904572564612324,0.0,0.09741550695825049,0.0019880715705765406,0.05864811133200795,0.04572564612326044,0.02882703777335984,0.02186878727634195,0.0,0.06063618290258449,0.003976143141153081,0.02584493041749503,0.030815109343936383,0.10437375745526839,0.0,0.008946322067594433,32.82723339948595,16.686387131557375,42.01117532234373,6.108324823609148,40.525621156359755,0.0
2020-08-01,0.07200720072007201,0.0369036903690369,0.0288028802880288,0.036003600360036005,0.3483348334833483,0.3195319531953195,0.19441944194419442,0.45004500450045004,0.06930693069306931,0.42304230423042305,0.15031503150315031,0.0072007200720072,0.004500450045004501,0.004500450045004501,0.004500450045004501,0.043204320432043204,0.011701170117011701,0.0,0.0,0.0009000900090009,0.0,0.0,0.0009000900090009,0.15211521152115212,0.0783078307830783,0.021602160216021602,0.0675067506750675,0.24392439243924394,0.18811881188118812,0.0063006300630063005,0.18721872187218722,0.0306030603060306,0.0711071107110711,0.21422142214221424,0.46984698469846986,0.026102610261026102,0.28622862286228623,0.3069306930693069,0.027002700270027002,0.0,0.0,0.0,0.0027002700270027003,0.0,0.0,0.10171017101710171,0.04950495049504951,0.2619261926192619,0.0018001800180018,0.081008100810081,0.0,0.023402340234023402,0.0,0.10891089108910891,0.0,0.0963096309630963,0.0279027902790279,0.018001800180018002,0.016201620162016202,0.0009000900090009,0.05670567056705671,0.0054005400540054005,0.0144014401440144,0.021602160216021602,0.12961296129612962,0.0009000900090009,0.037803780378037805,32.51000373307457,17.725732711359573,41.50282114502368,6.790449591355846,41.21657714141841,0.0
2020-09-01,0.07514088916718847,0.023794614902943018,0.040075140889167186,0.02567313713212273,0.33249843456480904,0.3005635566687539,0.16781465247338762,0.4427050720100188,0.06073888541014402,0.3525360050093926,0.13024420788979335,0.006261740763932373,0.0012523481527864746,0.0031308703819661866,0.003757044458359424,0.050720100187852224,0.014402003757044458,0.0,0.0,0.0006261740763932373,0.0,0.0,0.0006261740763932373,0.13462742642454603,0.06762680025046963,0.022542266750156543,0.07639323731997495,0.2385723231058234,0.1527864746399499,0.005635566687539136,0.14840325610519725,0.019411396368190358,0.06449592986850344,0.19787100814026298,0.4658735128365686,0.030682529743268627,0.29805886036318097,0.37570444583594237,0.024420788979336257,0.0,0.0,0.0,0.008140262993112084,0.0,0.0,0.09392611145898559,0.06512210394489668,0.27050720100187853,0.005009392611145898,0.10457107075767064,0.0,0.015654351909830933,0.0006261740763932373,0.12648716343143393,0.0012523481527864746,0.049467752035065746,0.02567313713212273,0.017532874139010644,0.015654351909830933,0.001878522229179712,0.06324358171571696,0.005009392611145898,0.021916092673763307,0.025046963055729492,0.12836568566061365,0.0006261740763932373,0.011271133375078271,30.775880812566527,18.104953578001577,43.34349161595532,7.250698840286039,40.332398247026326,0.0
2020-10-01,0.08333333333333333,0.024691358024691357,0.03960905349794239,0.03755144032921811,0.40689300411522633,0.3436213991769547,0.18621399176954734,0.44907407407407407,0.046296296296296294,0.3636831275720165,0.12139917695473251,0.00565843621399177,0.00102880658436214,0.00411522633744856,0.00360082304526749,0.047839506172839504,0.01286008230452675,0.0,0.0,0.00205761316872428,0.0,0.0,0.00205761316872428,0.12139917695473251,0.07973251028806584,0.021604938271604937,0.06018518518518518,0.2952674897119342,0.1779835390946502,0.010802469135802469,0.17901234567901234,0.011831275720164609,0.0720164609053498,0.1743827160493827,0.5272633744855967,0.032407407407407406,0.30401234567901236,0.36882716049382713,0.033950617283950615,0.0,0.0,0.0,0.00360082304526749,0.0,0.00051440329218107,0.08076131687242798,0.055041152263374485,0.2926954732510288,0.00051440329218107,0.10082304526748971,0.0,0.013888888888888888,0.0,0.09979423868312758,0.00360082304526749,0.062242798353909466,0.030864197530864196,0.02417695473251029,0.013374485596707819,0.0015432098765432098,0.040123456790123455,0.0015432098765432098,0.021604938271604937,0.028292181069958847,0.10339506172839506,0.00051440329218107,0.01286008230452675,32.12389696803427,18.281602872904315,44.72747168615143,5.878070413316988,37.97538122706107,0.0
2020-11-01,0.073309241094476,0.03871966959215281,0.02942694889003614,0.027361899845121322,0.3840991223541559,0.29426948890036136,0.15952503871966958,0.47083118224057824,0.03871966959215281,0.3546721734641198,0.1233866804336603,0.010841507485802787,0.003097573567372225,0.00619514713474445,0.007227671657201859,0.0748580278781621,0.009292720702116675,0.0,0.0,0.002581311306143521,0.0,0.0,0.002581311306143521,0.14093959731543623,0.09292720702116675,0.017036654620547237,0.04594734124935467,0.28910686628807436,0.16675271037687145,0.02219927723283428,0.16468766133195664,0.02942694889003614,0.06866288074341766,0.18327310273619,0.5012906556530717,0.017036654620547237,0.2364481156427465,0.4439855446566856,0.02581311306143521,0.0,0.0,0.0,0.0010325245224574084,0.0,0.0,0.08982963345379452,0.0748580278781621,0.23954568921011873,0.011874032008260196,0.1120289106866288,0.0,0.018069179143004648,0.0,0.0748580278781621,0.0015487867836861124,0.05730511099638617,0.024264326277749097,0.01961796592669076,0.015487867836861126,0.0010325245224574084,0.04078471863706763,0.002065049044914817,0.011874032008260196,0.028910686628807435,0.10325245224574084,0.0015487867836861124,0.010325245224574084,31.281814824869002,17.118456098753484,45.420344277489036,4.858495043286437,35.6963768681843,0.0
2020-12-01,0.0905292479108635,0.0403899721448468,0.029944289693593314,0.023676880222841225,0.36420612813370473,0.31197771587743733,0.18314763231197773,0.3850974930362117,0.033426183844011144,0.3628133704735376,0.09818941504178273,0.003481894150417827,0.002785515320334262,0.006267409470752089,0.005571030640668524,0.0905292479108635,0.01532033426183844,0.0,0.0,0.001392757660167131,0.0,0.0,0.001392757660167131,0.12813370473537605,0.06615598885793872,0.018105849582172703,0.031337047353760444,0.27158774373259054,0.1671309192200557,0.010445682451253482,0.15181058495821728,0.02437325905292479,0.06197771587743733,0.1817548746518106,0.5006963788300836,0.02576601671309192,0.2381615598885794,0.3711699164345404,0.05222841225626741,0.0,0.0,0.0,0.013231197771587743,0.0,0.0006963788300835655,0.060584958217270196,0.06267409470752089,0.20891364902506965,0.006963788300835654,0.06824512534818941,0.0,0.006963788300835654,0.0,0.08565459610027855,0.0020891364902506965,0.06963788300835655,0.04596100278551532,0.018802228412256268,0.00766016713091922,0.0,0.035515320334261836,0.0006963788300835655,0.009749303621169917,0.016713091922005572,0.08635097493036212,0.0,0.010445682451253482,31.662286798491785,17.62955542670649,43.500091645028796,3.948071657748675,36.038955716989136,0.0
2021-01-01,0.10980103168754606,0.056742815033161385,0.047899778924097275,0.05379513633014001,0.37582903463522477,0.3264554163596168,0.15991156963890935,0.37582903463522477,0.03537214443625645,0.4053058216654385,0.12527634487840825,0.004421518054532056,0.002210759027266028,0.010316875460574797,0.008106116433308769,0.0847457627118644,0.017686072218128224,0.0,0.0,0.012527634487840826,0.0,0.0,0.012527634487840826,0.1606484893146647,0.11274871039056743,0.014738393515106854,0.0604274134119381,0.28371407516580693,0.1967575534266765,0.010316875460574797,0.16359616801768606,0.032424465733235076,0.04863669859985262,0.17317612380250552,0.522476050110538,0.021370670596904937,0.24539425202652912,0.41267501842299187,0.036845983787767135,0.0,0.0,0.0,0.007369196757553427,0.0,0.0,0.10611643330876934,0.09948415622697127,0.25497420781134855,0.007369196757553427,0.10611643330876934,0.0,0.011790714812085483,0.0007369196757553427,0.10022107590272661,0.004421518054532056,0.07369196757553427,0.03831982313927782,0.03021370670596905,0.012527634487840826,0.0029476787030213707,0.05084745762711865,0.0029476787030213707,0.01105379513633014,0.025792188651436992,0.09358879882092852,0.0014738393515106854,0.034635224760501106,31.090087371247183,16.752808022351893,41.05859033040049,3.5839332624140137,37.42637885343653,0.0
2021-02-01,0.07137546468401487,0.04684014869888476,0.03197026022304833,0.04386617100371747,0.4178438661710037,0.3680297397769517,0.12936802973977696,0.4052044609665427,0.0379182156133829,0.39479553903345727,0.13011152416356878,0.0007434944237918215,0.0022304832713754648,0.008178438661710037,0.008921933085501859,0.05427509293680297,0.011152416356877323,0.0,0.0,0.0037174721189591076,0.0,0.0,0.0037174721189591076,0.1553903345724907,0.10185873605947955,0.023048327137546468,0.07211895910780669,0.316728624535316,0.19776951672862453,0.008921933085501859,0.1449814126394052,0.0550185873605948,0.055762081784386616,0.16356877323420074,0.4721189591078067,0.022304832713754646,0.21115241635687731,0.4111524163568773,0.01486988847583643,0.0,0.0,0.0,0.0037174721189591076,0.0,0.0,0.08029739776951673,0.08178438661710037,0.23345724907063198,0.006691449814126394,0.09442379182156134,0.0,0.008921933085501859,0.0007434944237918215,0.08698884758364313,0.0037174721189591076,0.05204460966542751,0.02899628252788104,0.020817843866171002,0.017100371747211896,0.0007434944237918215,0.03940520446096654,0.0037174721189591076,0.0052044609665427505,0.035687732342007436,0.09739776951672863,0.0,0.017843866171003718,33.54876240046686,15.7475743896888,38.87103295459931,3.5572181297883496,38.76382437241444,0.0
2021-03-01,0.07222222222222222,0.054273504273504275,0.02905982905982906,0.037606837606837605,0.39871794871794874,0.27692307692307694,0.11923076923076924,0.4551282051282051,0.03076923076923077,0.3871794871794872,0.1111111111111111,0.0008547008547008547,0.00042735042735042735,0.006837606837606838,0.004700854700854701,0.05299145299145299,0.00811965811965812,0.0017094017094017094,0.0,0.001282051282051282,0.0,0.0,0.001282051282051282,0.12478632478632479,0.08034188034188035,0.02264957264957265,0.0641025641025641,0.33034188034188033,0.14786324786324787,0.017094017094017096,0.12777777777777777,0.0594017094017094,0.049145299145299144,0.16666666666666666,0.46282051282051284,0.035897435897435895,0.23461538461538461,0.42136752136752137,0.019658119658119658,0.00042735042735042735,0.0,0.0,0.009829059829059829,0.0,0.0,0.09658119658119659,0.08803418803418804,0.23162393162393163,0.007264957264957265,0.11538461538461539,0.0,0.018803418803418803,0.0017094017094017094,0.07393162393162393,0.006837606837606838,0.06837606837606838,0.024786324786324785,0.019658119658119658,0.016666666666666666,0.00042735042735042735,0.05512820512820513,0.004700854700854701,0.021794871794871794,0.03504273504273504,0.1123931623931624,0.0,0.01282051282051282,32.38027443532152,13.617012286981852,41.20539002433243,3.4686530272956704,39.576028262612766,0.014245014245014244
2021-04-01,0.06827612221803094,0.05431912485854395,0.025650697849867975,0.031308940022632965,0.38777819690682763,0.3104488872123727,0.12334967936627687,0.42361373066767255,0.03244058845718597,0.4643530743115805,0.15352697095435686,0.002263296869105998,0.0,0.003017729158807997,0.003772161448509996,0.03998491135420596,0.006412674462466994,0.0,0.0,0.004149377593360996,0.0,0.0,0.004149377593360996,0.13542059600150885,0.08223311957751792,0.016220294228592985,0.06639004149377593,0.3119577517917767,0.15767634854771784,0.018106374952847983,0.13428894756695586,0.05695963787250094,0.03772161448509996,0.16446623915503583,0.46171256129762356,0.02791399471897397,0.2138815541305168,0.37608449641644665,0.02036967182195398,0.0003772161448509996,0.0,0.0,0.018106374952847983,0.0,0.0,0.11316484345529988,0.0912863070539419,0.22821576763485477,0.0015088645794039985,0.11354205960015089,0.0,0.01848359109769898,0.0003772161448509996,0.07506601282534893,0.004903809883062995,0.052810260279139945,0.01999245567710298,0.013956997359486986,0.010562052055827989,0.0007544322897019992,0.06563560920407394,0.0015088645794039985,0.016974726518294982,0.031308940022632965,0.11995473406261788,0.0,0.015843078083741986,31.846723463746713,12.398282611227437,42.79821322541401,3.3709344946599877,41.544270017484166,0.026818885740047566
2021-05-01,0.06455951580363148,0.04640215198386012,0.027236045729657026,0.04505716207128446,0.413920645595158,0.31573638197713516,0.10423671822461332,0.44519166106254204,0.028581035642232685,0.44519166106254204,0.14694014794889038,0.00605245460659045,0.0033624747814391394,0.006388702084734364,0.009751176866173503,0.03026227303295225,0.010423671822461332,0.0006724949562878278,0.0,0.0,0.0,0.0,0.0,0.11735036987222595,0.07296570275722931,0.01815736381977135,0.06825823806321453,0.3234700739744452,0.175857431069267,0.025554808338937456,0.13887020847343645,0.04673839946200403,0.05178211163416274,0.183591123066577,0.4425016812373907,0.03295225285810356,0.2007397444519166,0.429724277067922,0.02992602555480834,0.0,0.0,0.0,0.0070611970410221925,0.0,0.0003362474781439139,0.11129791526563551,0.12273032952252858,0.26832548755884333,0.0020174848688634837,0.1348352387357095,0.0,0.024546065904505716,0.0013449899125756557,0.06355077336919973,0.006724949562878279,0.05447209145931405,0.024546065904505716,0.019502353732347006,0.010423671822461332,0.004034969737726967,0.07061197041022192,0.004034969737726967,0.01109616677874916,0.027908540685944856,0.09784801613987895,0.0,0.00605245460659045,30.10361153708616,11.560572227388649,44.13111989528066,3.0596951622883144,43.22414075178699,0.026818885740047566
2021-06-01,0.07677604332589996,0.055750238929595415,0.026441541892322395,0.03153870659445683,0.3743230328129978,0.34851863650844217,0.11118190506530742,0.37496017840076457,0.03599872570882447,0.40872889455240524,0.11054475947754062,0.0006371455877668047,0.002867155144950621,0.004778591908251036,0.004460019114367633,0.03727301688435808,0.008920038228735267,0.0015928639694170119,0.0,0.0012742911755336094,0.0,0.0,0.0012742911755336094,0.1328448550493788,0.07868748008920039,0.02962726983115642,0.08410321758521823,0.30614845492194964,0.12965912711054475,0.021025804396304557,0.10098757566103855,0.05129021981522778,0.03918445364765849,0.15546352341510036,0.44791334820006373,0.03599872570882447,0.21185090793246256,0.3743230328129978,0.017202930869703727,0.0,0.0,0.0,0.009875756610385472,0.0,0.0,0.08569608155463523,0.07422746097483275,0.22809812042051608,0.003822873526600828,0.10672188595093979,0.0,0.014335775724753107,0.00031857279388340236,0.07104173303599873,0.0015928639694170119,0.056068811723478815,0.021981522777954763,0.02038865880853775,0.015291494106403312,0.0012742911755336094,0.04937878305192737,0.00541573749601784,0.019114367633004142,0.027715833067856004,0.09111181905065308,0.0,0.007008601465434852,32.49013018993167,11.292276755206586,41.458852337699305,3.2340116602747706,43.94245433088426,0.01257387149503332
2021-07-01,0.05740472744814279,0.03979739507959479,0.021466473709599615,0.03183791606367583,0.39097925711529186,0.30752532561505064,0.09575494452484322,0.44138929088277856,0.03400868306801737,0.3871201157742402,0.10660877954655089,0.00361794500723589,0.000723589001447178,0.010612638687891944,0.014230583695127834,0.028461167390255667,0.011336227689339121,0.0,0.000241196333815726,0.002653159671972986,0.0,0.0,0.002894356005788712,0.16642547033285093,0.085383502170767,0.045586107091172216,0.09382537385431741,0.3130728412928124,0.15243608297153882,0.02219006271104679,0.1085383502170767,0.05547515677761698,0.04052098408104197,0.15798359864930053,0.4223347805113362,0.03835021707670044,0.22768933912204534,0.37240713941148096,0.020742884708152436,0.0,0.0,0.0,0.005547515677761698,0.0,0.0,0.1287988422575977,0.10709117221418235,0.2904003859141341,0.004582730342498794,0.1389290882778582,0.0,0.018330921369995177,0.000241196333815726,0.05426917510853835,0.000482392667631452,0.05065123010130246,0.01929570670525808,0.024360829715388325,0.015195369030390739,0.002170767004341534,0.04486251808972504,0.005547515677761698,0.015918958031837915,0.03256150506512301,0.1225277375783888,0.0,0.004100337674867342,32.3926781366876,10.372452260492134,42.05137101153617,3.286281480635817,41.368022379639584,0.0
2021-08-01,0.05953360768175583,0.041700960219478736,0.022222222222222223,0.0345679012345679,0.37119341563786007,0.3149519890260631,0.09135802469135802,0.46611796982167353,0.04060356652949246,0.41289437585733885,0.1421124828532236,0.005761316872427984,0.0010973936899862826,0.010425240054869684,0.012345679012345678,0.029355281207133058,0.015363511659807956,0.0,0.0,0.0021947873799725653,0.0,0.0,0.0021947873799725653,0.15006858710562415,0.09053497942386832,0.024417009602194787,0.0943758573388203,0.29519890260631,0.17887517146776405,0.031001371742112482,0.11550068587105625,0.03264746227709191,0.04197530864197531,0.1646090534979424,0.44938271604938274,0.04417009602194787,0.22194787379972566,0.36460905349794237,0.019204389574759947,0.0,0.0,0.0,0.010150891632373114,0.0,0.0,0.13964334705075446,0.1111111111111111,0.30397805212620027,0.0010973936899862826,0.1253772290809328,0.0,0.01783264746227709,0.0,0.05432098765432099,0.0019204389574759945,0.05212620027434842,0.01316872427983539,0.020027434842249656,0.012894375857338821,0.0021947873799725653,0.054046639231824414,0.003840877914951989,0.01810699588477366,0.07901234567901234,0.09986282578875172,0.0,0.004663923182441701,32.3665317049852,9.94316247605029,42.74891463684056,3.6870325102111434,40.29144620613281,0.0
2021-09-01,0.052901023890784986,0.04119941491955144,0.026572403705509506,0.025841053144807412,0.3849341784495368,0.2793759141882009,0.10409556313993173,0.4310092637737689,0.03364212579229644,0.393710385177962,0.1272549975621648,0.006582155046318869,0.0012189176011701609,0.010726474890297415,0.011701608971233545,0.028278888347147733,0.008288639687957094,0.00024378352023403217,0.0014627011214041932,0.0012189176011701609,0.0,0.0,0.002681618722574354,0.1379814724524622,0.07386640663091175,0.038761579717211114,0.0977571916138469,0.3142369575816675,0.14602632862018528,0.01803998049731838,0.10263286201852755,0.03169185763042418,0.03461725987323257,0.13993174061433447,0.447342759629449,0.04509995124329595,0.24061433447098976,0.3849341784495368,0.018283764017552412,0.0,0.0,0.0009751340809361287,0.004388103364212579,0.0,0.0,0.12140419307654803,0.08776206728425158,0.2796196977084349,0.0012189176011701609,0.11189663578742078,0.0,0.03169185763042418,0.0,0.05192588980984886,0.0021940516821062897,0.052901023890784986,0.016333495855680155,0.015114578254509995,0.011457825450999512,0.0039005363237445147,0.04022428083861531,0.008776206728425159,0.019746465138956608,0.05509507557289127,0.10799609946367626,0.0,0.005363237445148708,30.06177429431049,9.706951078537768,44.617217482607366,3.608479179660209,39.7908292269847,0.0
2021-10-01,0.07003052612677321,0.058538337223918116,0.024420901418567068,0.03609265577302927,0.3788831028910038,0.30921170766744477,0.11905189441551446,0.432752738373137,0.024241335966959956,0.4381397019213503,0.14580714670497397,0.0053869635482133235,0.001616089064463997,0.00897827258035554,0.010055665289998204,0.02944873406356617,0.012030885257676423,0.0003591309032142216,0.000897827258035554,0.0053869635482133235,0.0,0.0,0.006284790806248878,0.14760280122104508,0.08870533309391274,0.02944873406356617,0.07541748967498653,0.29376907882923325,0.16160890644639972,0.021547854192853294,0.10755970551265936,0.04291614293409948,0.04058179206320704,0.16394325731729215,0.4657927814688454,0.03447656670856527,0.24367031783084933,0.3745735320524331,0.022266115999281737,0.0,0.0,0.0003591309032142216,0.003411743580535105,0.0,0.0007182618064284432,0.14652540851140242,0.11294666906087268,0.30921170766744477,0.008798707128748428,0.14401149218890286,0.0,0.01580175974142575,0.0,0.06464356257855988,0.0019752199676782187,0.06859400251391633,0.02082959238642485,0.019033937870353745,0.010055665289998204,0.0007182618064284432,0.04668701741784881,0.010773927096426647,0.020650026934817742,0.046327886514634584,0.10181361106123182,0.0,0.006643921709463099,30.117987029390285,10.483516074893474,44.329332398952644,3.282900942958295,41.49148209855504,0.0
2021-11-01,0.07604017216642754,0.061119081779053085,0.030416068866571017,0.029555236728837878,0.327403156384505,0.2998565279770445,0.13744619799139168,0.4091822094691535,0.030416068866571017,0.4321377331420373,0.13802008608321378,0.006886657101865136,0.001721664275466284,0.008034433285509325,0.00860832137733142,0.05566714490674318,0.014921090387374462,0.0005738880918220947,0.0014347202295552368,0.006599713055954089,0.0,0.0,0.007460545193687231,0.11248206599713056,0.08149210903873745,0.02266857962697274,0.0642754662840746,0.2780487804878049,0.1328550932568149,0.018651362984218076,0.08436154949784792,0.04218077474892396,0.03185078909612626,0.14031563845050216,0.5285509325681492,0.02697274031563845,0.23443328550932568,0.38593974175035867,0.024677187948350072,0.0,0.0,0.0,0.004591104734576757,0.0,0.0,0.13715925394548062,0.07776183644189383,0.27403156384505023,0.009182209469153515,0.12109038737446198,0.0,0.020086083213773313,0.00028694404591104734,0.07890961262553801,0.006312769010043041,0.051936872309899566,0.03500717360114777,0.023242467718794835,0.010616929698708751,0.0,0.047345767575322814,0.008034433285509325,0.015781922525107604,0.06972740315638451,0.09038737446197992,0.0,0.00860832137733142,29.614804994423004,12.01978851822793,42.431473720535315,2.9433176875275806,42.13292734137832,0.0
2021-12-01,0.0676075574778056,0.05303892556339631,0.016162076030047802,0.023446391987252447,0.35351695879808787,0.27771454586842703,0.10220805827452766,0.4131572956977009,0.03642157978602322,0.4395629410425677,0.14910084224903256,0.007739585704529934,0.00022763487366264513,0.008650125199180514,0.0068290462098793536,0.03892556339631231,0.010471204188481676,0.00022763487366264513,0.00022763487366264513,0.004552697473252903,0.0,0.0,0.0047803323469155475,0.12542681538811745,0.07648531755064876,0.03164124743910767,0.07056681083541999,0.27589346687912586,0.1452310493967676,0.0257227407238789,0.09264739358069657,0.033689961302071476,0.0257227407238789,0.1559298884589119,0.49169132711131347,0.030730707944457092,0.23856134759845207,0.39471887093102664,0.018893694513999543,0.0006829046209879354,0.0,0.0,0.004097427725927612,0.0,0.0009105394946505805,0.12588208513544275,0.07625768267698611,0.26724334167994535,0.008650125199180514,0.1094923742317323,0.0,0.017072615524698385,0.0013658092419758707,0.06988390621443205,0.005918506715228773,0.07102208058274527,0.0257227407238789,0.018893694513999543,0.012064648304120192,0.0009105394946505805,0.034600500796722056,0.009560664693831095,0.01638971090371045,0.04620987935351696,0.0978829956749374,0.0,0.006373776462554063,29.55942605043054,11.956871689381128,41.83640811799971,3.03596615398514,43.66134587019852,0.022763487366264514
2022-01-01,0.07406536562426523,0.06183870209264049,0.02939101810486715,0.031036915118739714,0.36844580296261464,0.2955560780625441,0.1074535621913943,0.33646837526451917,0.02703973665647778,0.43381142722783916,0.11262638137785093,0.008699741359040678,0.00023512814483893723,0.007994356924523865,0.004937691041617682,0.04608511638843169,0.008229485069362802,0.00047025628967787447,0.0009405125793557489,0.006348459910651305,0.0,0.0,0.006348459910651305,0.1168586879849518,0.08746766988008464,0.028450505525511403,0.07359510933458735,0.30425581942158475,0.1509522689865977,0.02986127439454503,0.09546202680460851,0.04584998824359276,0.0322125558429344,0.12720432635786505,0.49423936045144606,0.03244768398777333,0.2412414766047496,0.38114272278391725,0.02703973665647778,0.0,0.0,0.00023512814483893723,0.00423230660710087,0.0,0.0028215377380672465,0.12720432635786505,0.08017869739007759,0.26052198448154246,0.009169997648718552,0.10345638372913238,0.0,0.0101105102280743,0.00023512814483893723,0.07312485304490948,0.00423230660710087,0.0587820362097343,0.029626146249706088,0.024453327063249472,0.010815894662591112,0.0014107688690336232,0.041147425346814016,0.008699741359040678,0.019045379731953915,0.036209734305196334,0.11944509757818011,0.0,0.0077592287796849286,29.10423839693386,11.570260615243788,38.626929347712455,3.129246176969067,43.517070047081475,0.022763487366264514
2022-02-01,0.06946264744429882,0.05923984272608126,0.03171690694626474,0.02673656618610747,0.3743119266055046,0.2985583224115334,0.12975098296199214,0.30563564875491483,0.02961992136304063,0.4091743119266055,0.09777195281782437,0.006815203145478375,0.001310615989515072,0.007601572739187418,0.005242463958060288,0.04482306684141547,0.005766710353866317,0.0002621231979030144,0.0007863695937090433,0.0028833551769331584,0.0,0.0,0.0034076015727391874,0.11585845347313237,0.09331585845347314,0.018086500655307994,0.07391874180865006,0.3124508519003932,0.15491480996068152,0.027785058977719528,0.090956749672346,0.05530799475753604,0.01887287024901704,0.127653997378768,0.5231979030144168,0.0327653997378768,0.24246395806028834,0.3944954128440367,0.025688073394495414,0.0020969855832241153,0.0,0.0,0.00891218872870249,0.0,0.0020969855832241153,0.14495412844036698,0.0854521625163827,0.29331585845347313,0.006815203145478375,0.11716906946264745,0.0002621231979030144,0.01546526867627785,0.0015727391874180866,0.08466579292267366,0.007339449541284404,0.07024901703800786,0.021756225425950196,0.025425950196592398,0.00891218872870249,0.0007863695937090433,0.03905635648754915,0.0060288335517693315,0.01834862385321101,0.02490170380078637,0.11716906946264745,0.0,0.0041939711664482305,29.060964878083485,11.313753447597136,35.1753773239045,3.102707926851388,42.75162267323374,0.09266300680706835
2022-03-01,0.043044857272315364,0.03579519710013593,0.023108291798821932,0.021975532396918896,0.3681468056184866,0.2850022655188038,0.0917535115541459,0.37267784322609876,0.028545536927956503,0.33393747168101495,0.08608971454463073,0.004304485727231536,0.0020389669234254643,0.007249660172179429,0.00475758948799275,0.027639329406434075,0.009062075215224286,0.0,0.0,0.0036248300860897147,0.0,0.0,0.0036248300860897147,0.10489352061622112,0.10217489805165383,0.01971001359311282,0.06048935206162211,0.2990484821024014,0.14091526959673764,0.02174898051653829,0.0700045310376076,0.03987313094698686,0.021069324875396468,0.11214318078840055,0.42251925690983233,0.04327140915269597,0.19211599456275488,0.29021295876755776,0.024694154961486182,0.0006796556411418215,0.0,0.00022655188038060717,0.007023108291798822,0.0,0.00022655188038060717,0.13094698685999093,0.07113729043951064,0.24626189397371998,0.008835523334843678,0.10330765745355687,0.0,0.01744449478930675,0.0029451744449478933,0.05731762573629361,0.0036248300860897147,0.05845038513819665,0.014499320344358859,0.016311735387403714,0.009968282736746714,0.001359311282283643,0.03466243769823289,0.0058903488898957865,0.018577254191209785,0.015632079746261893,0.10285455369279566,0.0,0.0024920706841866785,29.30388886642938,10.965268556917746,33.826062241517754,2.840173164915831,39.23077369451533,0.09255470747886456
2022-04-01,0.05161987041036717,0.03650107991360691,0.020734341252699785,0.027645788336933045,0.41576673866090713,0.3414686825053996,0.1224622030237581,0.3734341252699784,0.035637149028077755,0.3518358531317495,0.10475161987041037,0.0023758099352051837,0.0021598272138228943,0.008207343412526998,0.005183585313174946,0.02872570194384449,0.0183585313174946,0.0,0.0,0.0019438444924406047,0.0,0.0,0.0019438444924406047,0.10431965442764579,0.10172786177105832,0.02181425485961123,0.05745140388768898,0.3563714902807775,0.13822894168466524,0.019870410367170625,0.07710583153347732,0.042116630669546434,0.017926565874730023,0.10172786177105832,0.4775377969762419,0.026349892008639308,0.2043196544276458,0.25961123110151185,0.020086393088552916,0.00021598272138228941,0.0,0.0,0.0008639308855291577,0.0,0.0006479481641468683,0.10475161987041037,0.07213822894168466,0.24578833693304536,0.009287257019438444,0.10280777537796976,0.0,0.016198704103671708,0.0008639308855291577,0.05161987041036717,0.0019438444924406047,0.05896328293736501,0.014470842332613391,0.01879049676025918,0.016198704103671708,0.0012958963282937365,0.04168466522678186,0.00734341252699784,0.017710583153347732,0.019222462203023757,0.09740820734341253,0.0,0.0064794816414686825,30.834309014524557,11.465556584663206,35.058253908366396,3.1267535773024964,36.498254557978996,0.09975413152494086
2022-05-01,0.049511400651465795,0.04299674267100977,0.019218241042345277,0.02768729641693811,0.4247557003257329,0.37263843648208467,0.11758957654723128,0.31237785016286646,0.04104234527687296,0.3237785016286645,0.0745928338762215,0.005863192182410423,0.002280130293159609,0.00749185667752443,0.00749185667752443,0.03452768729641694,0.014657980456026058,0.0003257328990228013,0.0003257328990228013,0.001954397394136808,0.0,0.0,0.001954397394136808,0.11400651465798045,0.09022801302931596,0.02247557003257329,0.06547231270358306,0.3807817589576547,0.10879478827361563,0.01726384364820847,0.07068403908794789,0.045928338762214985,0.017915309446254073,0.11498371335504887,0.5133550488599349,0.019543973941368076,0.2042345276872964,0.2785016286644951,0.024104234527687295,0.0016286644951140066,0.0,0.0,0.004885993485342019,0.0,0.0003257328990228013,0.07850162866449512,0.06188925081433225,0.18534201954397395,0.010423452768729642,0.09381107491856677,0.0,0.012377850162866449,0.0,0.05960912052117264,0.003908794788273616,0.053420195439739415,0.018241042345276872,0.023778501628664496,0.009446254071661237,0.0003257328990228013,0.04006514657980456,0.008469055374592834,0.014657980456026058,0.024755700325732898,0.09511400651465798,0.0,0.006514657980456026,33.3036461502096,11.060176370837842,35.28299395529812,3.5075010410969076,33.65172754804763,0.08414342858793725
2022-06-01,0.06790842064415988,0.05355064027939464,0.025611175785797437,0.022506790842064417,0.38766006984866125,0.31237873496313545,0.1362048894062864,0.3073341094295693,0.051222351571594875,0.4221963523476911,0.10089251067132324,0.0019402405898331393,0.0015521924718665113,0.006596818005432673,0.00892510671323244,0.039968956150562666,0.013969732246798603,0.0007760962359332557,0.002716336825766395,0.006984866123399301,0.0,0.0,0.008537058595265812,0.13736903376018628,0.10554908808692277,0.02910360884749709,0.07644547923942568,0.33061699650756693,0.1393092743500194,0.033372138145129994,0.07334109429569266,0.051610399689561506,0.02405898331393093,0.12922002328288706,0.5133876600698487,0.030267753201396973,0.24912689173457508,0.33876600698486614,0.02522312766783081,0.00038804811796662784,0.0,0.0,0.004268529297632906,0.0,0.0019402405898331393,0.1043849437330229,0.09584788513775708,0.2712456344586729,0.006596818005432673,0.12689173457508732,0.0007760962359332557,0.015521924718665115,0.0007760962359332557,0.07683352735739232,0.002716336825766395,0.07683352735739232,0.018626309662398137,0.02483507954986418,0.017074117190531625,0.00038804811796662784,0.04423748544819558,0.010089251067132324,0.01979045401629802,0.03802871556072953,0.09235545207605743,0.0,0.006984866123399301,34.21619513168732,12.541888965909193,33.1048694954138,4.26339486255152,36.59369023693684,0.07442317781543081
2022-07-01,0.07466281310211946,0.049614643545279384,0.029383429672447014,0.027938342967244702,0.4026974951830443,0.3222543352601156,0.15173410404624277,0.313102119460501,0.044797687861271675,0.41714836223506746,0.1103082851637765,0.005780346820809248,0.0004816955684007707,0.0072254335260115606,0.009633911368015413,0.02601156069364162,0.016859344894026976,0.0004816955684007707,0.001445086705202312,0.003371868978805395,0.0,0.0,0.004816955684007707,0.1348747591522158,0.1151252408477842,0.03420038535645472,0.07947976878612717,0.34296724470134876,0.14836223506743737,0.02601156069364162,0.09104046242774566,0.06310211946050097,0.030828516377649325,0.13439306358381503,0.5289017341040463,0.036608863198458574,0.2615606936416185,0.34344894026974954,0.026493256262042388,0.0,0.0,0.0,0.006262042389210019,0.0,0.001445086705202312,0.09489402697495183,0.08188824662813102,0.24036608863198458,0.002890173410404624,0.14017341040462428,0.0,0.02119460500963391,0.0009633911368015414,0.0953757225433526,0.0038535645472061657,0.07514450867052024,0.019267822736030827,0.023603082851637765,0.023603082851637765,0.0,0.04865125240847784,0.009633911368015413,0.014450867052023121,0.03901734104046243,0.11705202312138728,0.0,0.008188824662813102,33.57571689017786,13.517618999992015,31.093802635097887,4.568746156991318,38.770773873714106,0.0672237537693545
2022-08-01,0.0699228791773779,0.060668380462724936,0.031876606683804626,0.030334190231362468,0.39331619537275064,0.35218508997429304,0.13778920308483292,0.3280205655526992,0.04884318766066838,0.40308483290488434,0.1012853470437018,0.002570694087403599,0.0,0.006683804627249357,0.004113110539845758,0.03547557840616967,0.015938303341902313,0.0,0.0035989717223650387,0.006169665809768638,0.0,0.0,0.008226221079691516,0.13676092544987148,0.106426735218509,0.04010282776349614,0.08277634961439588,0.32030848329048844,0.13881748071979436,0.02673521850899743,0.06683804627249357,0.05398457583547558,0.019023136246786632,0.1665809768637532,0.5398457583547558,0.0339331619537275,0.2601542416452442,0.31362467866323906,0.02056555269922879,0.0,0.0,0.0,0.0015424164524421595,0.0,0.0010282776349614395,0.09203084832904884,0.09305912596401028,0.23958868894601543,0.0071979434447300775,0.1089974293059126,0.0010282776349614395,0.011311053984575836,0.0,0.0910025706940874,0.006169665809768638,0.0832904884318766,0.016452442159383032,0.030334190231362468,0.018508997429305913,0.002570694087403599,0.0416452442159383,0.0071979434447300775,0.014910025706940874,0.031876606683804626,0.10231362467866324,0.0,0.007712082262210797,32.89393867325147,14.190939884578736,31.61522648142565,4.8287742364511645,41.41431824958809,0.012934937265554261
2022-09-01,0.07536764705882353,0.06112132352941176,0.03676470588235294,0.027113970588235295,0.38327205882352944,0.3170955882352941,0.1557904411764706,0.2959558823529412,0.03354779411764706,0.4250919117647059,0.109375,0.0013786764705882354,0.001838235294117647,0.009191176470588236,0.0059742647058823525,0.04871323529411765,0.024816176470588234,0.001838235294117647,0.002297794117647059,0.00505514705882353,0.0,0.0,0.006893382352941176,0.14292279411764705,0.09237132352941177,0.03952205882352941,0.0744485294117647,0.3157169117647059,0.14751838235294118,0.025735294117647058,0.07904411764705882,0.03998161764705882,0.025275735294117647,0.12959558823529413,0.5427389705882353,0.02849264705882353,0.2536764705882353,0.3405330882352941,0.02068014705882353,0.0009191176470588235,0.0,0.0,0.004136029411764706,0.0,0.001838235294117647,0.1015625,0.08134191176470588,0.25965073529411764,0.003676470588235294,0.12040441176470588,0.00045955882352941176,0.011948529411764705,0.0,0.09466911764705882,0.007352941176470588,0.07261029411764706,0.015625,0.017463235294117647,0.021139705882352942,0.0009191176470588235,0.043198529411764705,0.003216911764705882,0.029871323529411766,0.03170955882352941,0.09191176470588236,0.00045955882352941176,0.00505514705882353,33.05116711565676,14.843791610251541,31.235952245538044,4.23962232131957,41.51083689682193,0.030637254901960783
2022-10-01,0.09156976744186046,0.07383720930232558,0.0375,0.04709302325581395,0.3386627906976744,0.32645348837209304,0.16104651162790698,0.313953488372093,0.0436046511627907,0.4857558139534884,0.13197674418604652,0.004651162790697674,0.0014534883720930232,0.007848837209302326,0.00813953488372093,0.053488372093023255,0.021511627906976746,0.00029069767441860465,0.004651162790697674,0.009011627906976745,0.0,0.0,0.011046511627906977,0.12383720930232558,0.08372093023255814,0.018604651162790697,0.05406976744186046,0.2758720930232558,0.13662790697674418,0.02441860465116279,0.07354651162790697,0.03691860465116279,0.025290697674418605,0.1305232558139535,0.5296511627906977,0.031395348837209305,0.25959302325581396,0.33459302325581397,0.03575581395348837,0.0,0.0,0.0005813953488372093,0.007267441860465116,0.0,0.0017441860465116279,0.10668604651162791,0.08430232558139535,0.2441860465116279,0.00436046511627907,0.1127906976744186,0.0014534883720930232,0.0125,0.0014534883720930232,0.09040697674418605,0.007848837209302326,0.07587209302325582,0.023546511627906976,0.025872093023255813,0.021511627906976746,0.0029069767441860465,0.04680232558139535,0.00872093023255814,0.025,0.030523255813953487,0.09156976744186046,0.0,0.010174418604651164,33.19113888605601,15.154205196307016,31.264331209257783,4.199854431370205,43.79775195410262,0.030637254901960783
2022-11-01,0.0776045357902197,0.07228915662650602,0.03649893692416726,0.03614457831325301,0.30368532955350813,0.3260099220411056,0.17682494684620836,0.30616583982990786,0.042523033309709427,0.45109851169383414,0.1307583274273565,0.002126151665485471,0.002834868887313962,0.0074415308291991495,0.004252303330970942,0.05776045357902197,0.013465627214741318,0.0,0.0007087172218284905,0.004252303330970942,0.0,0.0,0.004606661941885188,0.13040396881644223,0.07228915662650602,0.024805102763997167,0.060240963855421686,0.2583274273564848,0.1041814316087881,0.016654854712969524,0.06236711552090716,0.0407512402551382,0.020907158043940468,0.13430191353649892,0.49149539333805814,0.026222537207654145,0.2469879518072289,0.3447909284195606,0.032246633593196315,0.00035435861091424523,0.0,0.0010630758327427356,0.004606661941885188,0.0,0.0007087172218284905,0.09780297661233169,0.07335223245924875,0.24805102763997164,0.005315379163713678,0.11374911410347271,0.0007087172218284905,0.01559177888022679,0.00035435861091424523,0.08221119773210489,0.006024096385542169,0.06413890857547838,0.024096385542168676,0.02445074415308292,0.019844082211197732,0.0007087172218284905,0.049964564138908575,0.0031892274982282067,0.01630049610205528,0.023387668320340185,0.08362863217576187,0.0,0.0031892274982282067,32.31863328828309,16.45539665501953,30.535840351831407,3.9891826196715727,45.39820791373428,0.04244920859910229
2022-12-01,0.06821065989847716,0.06535532994923858,0.032043147208121826,0.030139593908629442,0.30456852791878175,0.3074238578680203,0.1598984771573604,0.31281725888324874,0.048223350253807105,0.4581218274111675,0.15133248730964466,0.0019035532994923859,0.004758883248730965,0.005393401015228426,0.004758883248730965,0.04854060913705584,0.010786802030456852,0.0,0.005076142131979695,0.007614213197969543,0.0,0.0,0.00951776649746193,0.12722081218274112,0.07804568527918782,0.02379441624365482,0.0583756345177665,0.25571065989847713,0.10596446700507614,0.01618020304568528,0.05678934010152284,0.03267766497461929,0.020621827411167512,0.12722081218274112,0.4854060913705584,0.02982233502538071,0.23730964467005075,0.32899746192893403,0.041243654822335024,0.0,0.0,0.0009517766497461929,0.006979695431472081,0.0,0.00031725888324873094,0.0901015228426396,0.0726522842639594,0.2652284263959391,0.0019035532994923859,0.09771573604060914,0.0006345177664974619,0.017766497461928935,0.0009517766497461929,0.0809010152284264,0.004758883248730965,0.05996192893401015,0.026967005076142133,0.021256345177664976,0.018083756345177664,0.0012690355329949238,0.03934010152284264,0.004441624365482234,0.017766497461928935,0.025380710659898477,0.08883248730964467,0.0,0.0034898477157360407,31.996242276040633,16.592331187715857,31.097886236174986,4.478367824210242,46.49920510194967,0.011811953697141508
2023-01-01,0.0611439842209073,0.060486522024983565,0.02465483234714004,0.022353714661406968,0.32840236686390534,0.2958579881656805,0.11045364891518737,0.37606837606837606,0.041091387245233396,0.5187376725838264,0.18770545693622617,0.0026298487836949377,0.0009861932938856016,0.005588428665351742,0.004930966469428008,0.04142011834319527,0.007232084155161078,0.0,0.006245890861275477,0.01051939513477975,0.0,0.0,0.012163050624589087,0.12261669953977647,0.0973044049967127,0.026627218934911243,0.061472715318869164,0.2685733070348455,0.11768573307034845,0.015121630506245891,0.0611439842209073,0.03747534516765286,0.020710059171597635,0.14168310322156477,0.45529257067718604,0.024983563445101907,0.20808678500986194,0.3708086785009862,0.03287310979618672,0.0,0.0,0.0026298487836949377,0.003287310979618672,0.0,0.0009861932938856016,0.14957264957264957,0.07593688362919132,0.314266929651545,0.005917159763313609,0.11669953977646286,0.001643655489809336,0.01775147928994083,0.0,0.07462195923734385,0.0046022353714661405,0.050953320184089414,0.020710059171597635,0.013806706114398421,0.018408941485864562,0.0003287310979618672,0.04437869822485207,0.010190664036817882,0.017094017094017096,0.026627218934911243,0.08152531229454306,0.0,0.0046022353714661405,30.976392269160215,14.905902430625206,33.168382492717754,4.3945923602916634,47.5986003896276,0.011811953697141508
2023-02-01,0.06901840490797546,0.061733128834355826,0.02147239263803681,0.03374233128834356,0.32783742331288346,0.33819018404907975,0.1357361963190184,0.3592791411042945,0.0352760736196319,0.4539877300613497,0.17216257668711657,0.004984662576687116,0.003834355828220859,0.004217791411042945,0.00843558282208589,0.0598159509202454,0.009202453987730062,0.0003834355828220859,0.009202453987730062,0.010352760736196318,0.0,0.0,0.014570552147239263,0.15145705521472394,0.1169478527607362,0.02415644171779141,0.05674846625766871,0.2687883435582822,0.12078220858895705,0.02262269938650307,0.06901840490797546,0.04447852760736196,0.018021472392638037,0.1418711656441718,0.47661042944785276,0.027607361963190184,0.2308282208588957,0.37576687116564417,0.04256134969325153,0.0019171779141104294,0.0011503067484662577,0.003834355828220859,0.003450920245398773,0.0,0.0007668711656441718,0.10506134969325154,0.08627300613496933,0.2630368098159509,0.009202453987730062,0.10544478527607362,0.003450920245398773,0.016487730061349692,0.0003834355828220859,0.07937116564417178,0.003067484662576687,0.06901840490797546,0.029141104294478526,0.011503067484662576,0.016487730061349692,0.0003834355828220859,0.032975460122699383,0.0023006134969325155,0.01572085889570552,0.021088957055214724,0.10276073619631902,0.0003834355828220859,0.00651840490797546,31.38240100275935,13.536277413052206,34.93882586853065,4.15302703728908,47.694907668544786,0.06390593047034765
2023-03-01,0.05875,0.05625,0.020833333333333332,0.03125,0.3466666666666667,0.31916666666666665,0.12708333333333333,0.335,0.035833333333333335,0.4479166666666667,0.12541666666666668,0.0020833333333333333,0.002916666666666667,0.00375,0.006666666666666667,0.042083333333333334,0.009166666666666667,0.0,0.010833333333333334,0.01375,0.0,0.0,0.0175,0.1225,0.10916666666666666,0.0275,0.06041666666666667,0.2925,0.12125,0.018333333333333333,0.06875,0.049166666666666664,0.018333333333333333,0.12166666666666667,0.48833333333333334,0.03375,0.2275,0.34291666666666665,0.037083333333333336,0.0020833333333333333,0.0008333333333333334,0.004583333333333333,0.005,0.0,0.0008333333333333334,0.09958333333333333,0.08208333333333333,0.2725,0.005833333333333334,0.10958333333333334,0.00125,0.01625,0.0,0.06833333333333333,0.0025,0.06916666666666667,0.04625,0.02625,0.015833333333333335,0.0004166666666666667,0.028333333333333332,0.00625,0.01375,0.044583333333333336,0.07666666666666666,0.0,0.005,31.773827962714225,12.442439285584637,35.67825057242236,3.740026473273287,47.3547356437281,0.13335037491479207
2023-04-01,0.052576235541535225,0.05310199789695058,0.02103049421661409,0.021556256572029444,0.3548895899053628,0.3243953732912723,0.12723449001051526,0.33964248159831756,0.03732912723449001,0.45215562565720296,0.13564668769716087,0.0005257623554153522,0.0005257623554153522,0.003680336487907466,0.007360672975814932,0.0341745531019979,0.009989484752891693,0.0005257623554153522,0.00946372239747634,0.012618296529968454,0.0,0.0,0.016824395373291272,0.1288117770767613,0.09884332281808622,0.031545741324921134,0.07991587802313355,0.30757097791798105,0.12302839116719243,0.021556256572029444,0.06782334384858044,0.046267087276550996,0.027339642481598318,0.13196635120925343,0.4931650893796004,0.030494216614090432,0.2539432176656151,0.3743427970557308,0.04153522607781283,0.0010515247108307045,0.0026288117770767614,0.006309148264984227,0.002103049421661409,0.0,0.0010515247108307045,0.1046267087276551,0.07045215562565721,0.30231335436382756,0.003680336487907466,0.08885383806519453,0.0015772870662460567,0.028916929547844375,0.0015772870662460567,0.06519453207150368,0.0031545741324921135,0.06203995793901157,0.06256572029442692,0.012618296529968454,0.013669821240799159,0.0010515247108307045,0.03890641430073607,0.003680336487907466,0.00946372239747634,0.030494216614090432,0.11146161934805468,0.0005257623554153522,0.007886435331230283,32.72507413356729,13.0018006554289,34.46405409008707,3.614617806248508,45.13533407950731,0.1684011986091489
2023-05-01,0.05420827389443652,0.04992867332382311,0.020446980504041846,0.028055159296243463,0.3775558725630052,0.30099857346647646,0.10841654778887304,0.3618640038040894,0.028055159296243463,0.47598668568711366,0.16310033285782216,0.004755111745126011,0.0023775558725630053,0.004755111745126011,0.005230622919638612,0.028530670470756064,0.006657156443176415,0.0014265335235378032,0.005230622919638612,0.006181645268663814,0.0,0.0,0.010461245839277223,0.1274369947693771,0.10651450309082264,0.030908226343319068,0.05420827389443652,0.33143128863528293,0.14503090822634332,0.01806942463147884,0.0865430337612934,0.03851640513552068,0.019020446980504042,0.12505943889681406,0.4574417498811222,0.02757964812173086,0.24631478839752735,0.35568235853542557,0.02615311459819306,0.0038040893961008085,0.0009510223490252021,0.0019020446980504042,0.0014265335235378032,0.0,0.0009510223490252021,0.11650023775558725,0.08273894436519258,0.28292914883499765,0.0033285782215882074,0.10033285782215882,0.0,0.028055159296243463,0.0,0.05706134094151213,0.004755111745126011,0.07180218735140276,0.03613884926295768,0.01759391345696624,0.01331431288635283,0.0,0.038991916310033285,0.004755111745126011,0.009510223490252021,0.03613884926295768,0.10984308131241084,0.0,0.006657156443176415,31.485353780813846,12.091145704424054,34.55021618008023,3.3739206621355597,45.86863260036611,0.2312982480088282
2023-06-01,0.06746506986027945,0.06467065868263473,0.023552894211576848,0.03153692614770459,0.38043912175648703,0.3449101796407186,0.11616766467065869,0.3461077844311377,0.023552894211576848,0.4315369261477046,0.1285429141716567,0.0007984031936127744,0.0027944111776447107,0.005588822355289421,0.004790419161676647,0.03153692614770459,0.016367265469061875,0.0003992015968063872,0.003592814371257485,0.01157684630738523,0.0003992015968063872,0.0,0.014770459081836327,0.1441117764471058,0.10858283433133732,0.027944111776447105,0.07984031936127745,0.3317365269461078,0.12654690618762476,0.01996007984031936,0.06786427145708583,0.0654690618762475,0.02315369261477046,0.13293413173652693,0.4802395209580838,0.019161676646706587,0.26387225548902193,0.36766467065868264,0.03473053892215569,0.006786427145708583,0.0027944111776447107,0.007984031936127744,0.0027944111776447107,0.0,0.0023952095808383233,0.1157684630738523,0.08542914171656686,0.3129740518962076,0.005588822355289421,0.1277445109780439,0.0003992015968063872,0.03313373253493014,0.0007984031936127744,0.06227544910179641,0.001996007984031936,0.05908183632734531,0.053493013972055886,0.012375249500998005,0.013972055888223553,0.0,0.03952095808383234,0.0027944111776447107,0.015568862275449102,0.03992015968063872,0.1125748502994012,0.0003992015968063872,0.007584830339321357,32.34347087994891,11.7272900823349,34.920475661118154,2.9645726914103445,45.32264124973404,0.3880680417546698
2023-07-01,0.047619047619047616,0.047619047619047616,0.017356475300400534,0.028037383177570093,0.40587449933244324,0.30618602581219406,0.10903426791277258,0.40854472630173566,0.02358700489541611,0.37472185135736535,0.11170449488206498,0.0022251891410769915,0.0008900756564307966,0.007120605251446373,0.006230529595015576,0.03426791277258567,0.011570983533600357,0.0,0.0035603026257231864,0.004895416110369382,0.0008900756564307966,0.0,0.008455718736092568,0.11927013796172675,0.09790832220738763,0.019581664441477527,0.06186025812194036,0.33377837116154874,0.16911437472185137,0.030707610146862484,0.08856252781486426,0.04806408544726302,0.040943480195816645,0.11971517578994215,0.4552736982643525,0.021361815754339118,0.22963951935914553,0.4232309746328438,0.04183355585224744,0.004005340453938585,0.0026702269692923898,0.010235870048954161,0.0026702269692923898,0.0,0.0013351134846461949,0.1312861593235425,0.12283044058744993,0.3404539385847797,0.01290609701824655,0.1290609701824655,0.0013351134846461949,0.03204272363150868,0.0004450378282153983,0.056074766355140186,0.0022251891410769915,0.06141522029372497,0.04361370716510903,0.013796172674677348,0.01557632398753894,0.0004450378282153983,0.04227859368046284,0.0017801513128615932,0.00801068090787717,0.02403204272363151,0.13351134846461948,0.0,0.003115264797507788,31.7364926306463,11.120616012410144,37.21721715123209,2.5065019467745477,42.74151543973945,0.4865285665249326
2023-08-01,0.036742800397219465,0.031777557100297914,0.013902681231380337,0.02830188679245283,0.4011916583912612,0.2959285004965243,0.08738828202581926,0.43098311817279045,0.02730883813306852,0.4096325719960278,0.15143992055610725,0.0019860973187686196,0.0,0.005461767626613704,0.0014895729890764648,0.018371400198609732,0.009930486593843098,0.0004965243296921549,0.0019860973187686196,0.005958291956305859,0.0004965243296921549,0.0,0.007447864945382324,0.12611717974180736,0.09930486593843098,0.025819265143992055,0.06256206554121152,0.3272095332671301,0.17477656405163852,0.015392254220456803,0.09185700099304867,0.04021847070506455,0.03723932472691162,0.12264150943396226,0.42055610724925524,0.020854021847070508,0.19960278053624628,0.43545183714001984,0.03128103277060576,0.004965243296921549,0.0,0.011916583912611719,0.0029791459781529296,0.0,0.0009930486593843098,0.14399205561072492,0.14349553128103276,0.3416087388282026,0.015392254220456803,0.10923535253227408,0.0004965243296921549,0.029791459781529295,0.0,0.060079443892750745,0.0024826216484607746,0.05660377358490566,0.033763654419066536,0.013406156901688183,0.010923535253227408,0.0004965243296921549,0.04021847070506455,0.0004965243296921549,0.0019860973187686196,0.019364448857994043,0.1266137040714995,0.0004965243296921549,0.0029791459781529296,31.56749019831457,10.41967382030835,39.52118763018879,2.481624574668716,40.529711650036596,0.5252336965522906
2023-09-01,0.06583072100313479,0.06530825496342738,0.01619644723092999,0.041274817136886105,0.3892371995820272,0.3187042842215256,0.10397074190177638,0.3845350052246604,0.023510971786833857,0.4346917450365726,0.11337513061650993,0.0010449320794148381,0.0,0.0073145245559038665,0.003134796238244514,0.018286311389759665,0.0109717868338558,0.0,0.0010449320794148381,0.004702194357366771,0.002612330198537095,0.0,0.005747126436781609,0.1238244514106583,0.0768025078369906,0.022988505747126436,0.04911180773249739,0.3098223615464995,0.17502612330198536,0.021421107628004178,0.08307210031347963,0.04231974921630094,0.032915360501567396,0.10762800417972831,0.47126436781609193,0.022988505747126436,0.19122257053291536,0.3704284221525601,0.029258098223615466,0.009926854754440962,0.0,0.018286311389759665,0.001567398119122257,0.0,0.001567398119122257,0.12643678160919541,0.13584117032392895,0.28213166144200624,0.011494252873563218,0.10553814002089865,0.001567398119122257,0.02664576802507837,0.0,0.07262277951933124,0.0,0.07889237199582028,0.027690700104493208,0.018808777429467086,0.013061650992685475,0.0,0.038662486938349006,0.01044932079414838,0.0041797283176593526,0.0219435736677116,0.13166144200626959,0.0010449320794148381,0.00522466039707419,30.69396035100813,10.013109728012275,40.802094989972886,2.4802271605106165,40.63487227966553,0.6299146168433699
2023-10-01,0.09465579710144928,0.09782608695652174,0.01947463768115942,0.06657608695652174,0.3138586956521739,0.36096014492753625,0.07971014492753623,0.3283514492753623,0.020833333333333332,0.4461050724637681,0.09782608695652174,0.001358695652173913,0.0004528985507246377,0.008605072463768116,0.007699275362318841,0.029891304347826088,0.007699275362318841,0.0,0.005434782608695652,0.009510869565217392,0.0018115942028985507,0.0,0.010416666666666666,0.08242753623188406,0.051630434782608696,0.01177536231884058,0.035778985507246376,0.2708333333333333,0.1068840579710145,0.014039855072463768,0.05615942028985507,0.028532608695652172,0.021286231884057972,0.09782608695652174,0.45742753623188404,0.03170289855072464,0.20199275362318841,0.375,0.030344202898550724,0.016757246376811596,0.004981884057971014,0.036231884057971016,0.0009057971014492754,0.0,0.001358695652173913,0.09646739130434782,0.08650362318840579,0.22644927536231885,0.009963768115942028,0.0806159420289855,0.0009057971014492754,0.018568840579710144,0.0,0.10778985507246377,0.0004528985507246377,0.10733695652173914,0.019927536231884056,0.010869565217391304,0.014945652173913044,0.0009057971014492754,0.0384963768115942,0.004981884057971014,0.010869565217391304,0.020833333333333332,0.12454710144927536,0.0009057971014492754,0.010416666666666666,32.51976432151954,9.035638961837728,38.12898575576044,2.3884381084411905,43.014312983212285,1.0549781476058036
2023-11-01,0.06560986349625715,0.06428885953324527,0.022016732716864818,0.04271246147071774,0.3663584324086306,0.2954645530603259,0.10083663584324086,0.3663584324086306,0.021136063408190225,0.4570673712021136,0.14046675473359754,0.002201673271686482,0.00044033465433729633,0.008806693086745927,0.009687362395420519,0.02509907529722589,0.0066050198150594455,0.001321003963011889,0.0048436811977102595,0.00836635843240863,0.00044033465433729633,0.0,0.010127697049757816,0.08806693086745927,0.06516952884191986,0.01453104359313078,0.03126376045794804,0.3232056362835755,0.14707177454865697,0.01893439013650374,0.0841039189784236,0.034346103038309116,0.03742844561867019,0.10347864376926465,0.4663143989431968,0.024658740642888595,0.21003963011889035,0.3632760898282695,0.020695728753852928,0.011889035667107,0.002201673271686482,0.022457067371202115,0.005724350506384853,0.0,0.0035226772346983706,0.14707177454865697,0.12637604579480405,0.2769704975781594,0.007926023778071334,0.1202113606340819,0.0008806693086745927,0.020695728753852928,0.0035226772346983706,0.07617789520035227,0.00044033465433729633,0.07573756054601496,0.01805372082782915,0.012329370321444297,0.017173051519154558,0.00044033465433729633,0.03963011889035667,0.010127697049757816,0.010568031704095112,0.028181417877586965,0.11448701012769705,0.0008806693086745927,0.0066050198150594455,32.50429940697959,9.483917422418449,35.974829563621775,2.182678950945247,44.59547295674848,1.2857712266119854
2023-12-01,0.07941888619854721,0.07893462469733656,0.018401937046004842,0.04019370460048426,0.34818401937046006,0.2997578692493947,0.10411622276029056,0.32929782082324455,0.028087167070217918,0.4101694915254237,0.11767554479418886,0.0,0.0,0.006295399515738499,0.00387409200968523,0.030508474576271188,0.009200968523002421,0.00048426150121065375,0.005326876513317191,0.008716707021791767,0.0014527845036319612,0.0,0.012106537530266344,0.09782082324455206,0.07021791767554479,0.014527845036319613,0.038256658595641646,0.2963680387409201,0.1360774818401937,0.022276029055690073,0.06973365617433414,0.03728813559322034,0.036803874092009685,0.1152542372881356,0.5012106537530266,0.024213075060532687,0.23196125907990314,0.4033898305084746,0.03728813559322034,0.026634382566585957,0.0014527845036319612,0.030508474576271188,0.005811138014527845,0.001937046004842615,0.0029055690072639223,0.12590799031476999,0.10605326876513317,0.24213075060532688,0.00774818401937046,0.1108958837772397,0.0009685230024213075,0.024213075060532687,0.001937046004842615,0.0711864406779661,0.0029055690072639223,0.07893462469733656,0.1234866828087167,0.010169491525423728,0.01937046004842615,0.0,0.038256658595641646,0.005326876513317191,0.010169491525423728,0.025181598062953996,0.11186440677966102,0.0,0.005326876513317191,31.87275224124189,9.488766784368922,34.133590083574575,2.335218793724716,43.77806450637684,1.842688820350152
2024-01-01,0.06361085126286249,0.0617399438727783,0.027128157156220765,0.015902712815715623,0.37792329279700654,0.29653882132834425,0.11318989710009354,0.2722170252572498,0.05986903648269411,0.44059869036482696,0.10851262862488306,0.0018709073900841909,0.0,0.005612722170252572,0.004677268475210477,0.028999064546304958,0.01777362020579981,0.0009354536950420954,0.0037418147801683817,0.01216089803554724,0.004677268475210477,0.0,0.014967259120673527,0.09822263797942002,0.05706267539756782,0.0205799812909261,0.047708138447146865,0.3292797006548176,0.12815715622076707,0.01683816651075772,0.07296538821328344,0.03086997193638915,0.026192703461178673,0.1234798877455566,0.520112254443405,0.023386342376052385,0.21234798877455566,0.2768942937324602,0.04396632366697849,0.03554724041159962,0.005612722170252572,0.019644527595884004,0.0009354536950420954,0.002806361085126286,0.002806361085126286,0.11506080449017773,0.06922357343311505,0.21702525724976612,0.006548175865294668,0.09635173058933583,0.002806361085126286,0.03835360149672591,0.0,0.07109448082319925,0.0037418147801683817,0.07390084190832553,0.05332086061739944,0.014967259120673527,0.01403180542563143,0.0,0.04490177736202058,0.0037418147801683817,0.014967259120673527,0.026192703461178673,0.10477081384471469,0.0,0.007483629560336763,29.725374787935493,10.604758523454166,32.26244261630416,3.636408898703408,43.59451843641214,2.469021954843086
2024-02-01,0.07069102462271644,0.08498808578236695,0.026211278792692614,0.03653693407466243,0.38443208895949166,0.3177124702144559,0.14058776806989676,0.29388403494837173,0.03335980937251787,0.42652899126290705,0.10166799046862589,0.008737092930897538,0.0007942811755361397,0.006354249404289118,0.011914217633042097,0.04765687053216839,0.012708498808578236,0.0,0.007942811755361398,0.017474185861795076,0.006354249404289118,0.0,0.023828435266084195,0.11040508339952343,0.06513105639396347,0.013502779984114376,0.03494837172359015,0.34868943606036534,0.1199364575059571,0.019857029388403495,0.06115965051628276,0.030976965845909452,0.03256552819698173,0.10881652104845115,0.5289912629070691,0.02779984114376489,0.19142176330420968,0.3129467831612391,0.03653693407466243,0.02938840349483717,0.0023828435266084196,0.023828435266084195,0.006354249404289118,0.0023828435266084196,0.0015885623510722795,0.1278792692613185,0.06433677521842732,0.21207307386814933,0.011119936457505957,0.10563939634630659,0.0007942811755361397,0.04289118347895155,0.0007942811755361397,0.09213661636219221,0.003177124702144559,0.08101667990468626,0.051628276409849086,0.016679904686258934,0.015885623510722795,0.0,0.03335980937251787,0.007148530579825258,0.010325655281969817,0.03653693407466243,0.11914217633042097,0.0,0.003177124702144559,30.46697202640649,11.929796264342695,29.846629367628868,4.0438670975143305,42.57657243843859,3.0523342157674254
2024-03-01,0.07541696881798404,0.07396664249456128,0.01595358955765047,0.03625815808556925,0.3350253807106599,0.3401015228426396,0.1065989847715736,0.23930384336475707,0.049311094996374184,0.41406816533720087,0.12327773749093546,0.0029006526468455403,0.0,0.007251631617113851,0.00435097897026831,0.043509789702683106,0.00870195794053662,0.0,0.00435097897026831,0.013778100072516316,0.0029006526468455403,0.0,0.016678752719361856,0.06163886874546773,0.048585931834662796,0.016678752719361856,0.03770848440899202,0.3009427121102248,0.11892675852066716,0.019579405366207395,0.04713560551124003,0.03335750543872371,0.02973168963016679,0.145032632342277,0.5025380710659898,0.025380710659898477,0.24002900652646847,0.3756345177664975,0.04060913705583756,0.03915881073241479,0.0007251631617113851,0.028281363306744016,0.0036258158085569255,0.0029006526468455403,0.00435097897026831,0.09282088469905729,0.05728788977519942,0.18274111675126903,0.0014503263234227702,0.08992023205221175,0.0,0.025380710659898477,0.0014503263234227702,0.0674401740391588,0.002175489485134155,0.06961566352429296,0.10079767947788253,0.023930384336475707,0.012327773749093546,0.0,0.028281363306744016,0.006526468455402465,0.011602610587382161,0.02973168963016679,0.09282088469905729,0.0007251631617113851,0.0036258158085569255,31.81176047951466,12.012554998052131,26.846830119012623,4.751331361719538,42.7065282321645,3.469815154628386
2024-04-01,0.07989464442493416,0.07023705004389816,0.0228270412642669,0.02897278314310799,0.32748024582967517,0.37050043898156276,0.09920983318700614,0.2317822651448639,0.035996488147497806,0.34328358208955223,0.09306409130816505,0.000877963125548727,0.000877963125548727,0.003511852502194908,0.004389815627743635,0.08867427568042142,0.007023705004389816,0.0,0.000877963125548727,0.010535557506584723,0.004389815627743635,0.0,0.01141352063213345,0.0649692712906058,0.046532045654082525,0.015803336259877086,0.05443371378402107,0.2897278314310799,0.09833187006145742,0.014047410008779631,0.053555750658472345,0.019315188762071993,0.021071115013169446,0.1009657594381036,0.46707638279192276,0.03775241439859526,0.21071115013169447,0.3160667251975417,0.03950834064969271,0.04038630377524144,0.003511852502194908,0.021949078138718173,0.007901668129938543,0.010535557506584723,0.004389815627743635,0.09394205443371378,0.04477611940298507,0.15978928884986832,0.001755926251097454,0.08077260755048288,0.0,0.0228270412642669,0.000877963125548727,0.0649692712906058,0.0026338893766461808,0.05706760316066725,0.12203687445127305,0.013169446883230905,0.007901668129938543,0.0,0.033362598770851626,0.007023705004389816,0.009657594381035996,0.027216856892010536,0.08165057067603161,0.001755926251097454,0.004389815627743635,34.27714773462194,11.546552867615883,25.49900478193309,3.9555797505463284,39.46269128965534,3.63111726674978
2024-05-01,0.0905982905982906,0.1,0.018803418803418803,0.04700854700854701,0.3435897435897436,0.3333333333333333,0.1170940170940171,0.2341880341880342,0.04786324786324787,0.42905982905982903,0.13333333333333333,0.0008547008547008547,0.0,0.003418803418803419,0.003418803418803419,0.040170940170940174,0.009401709401709401,0.0,0.005982905982905983,0.017094017094017096,0.002564102564102564,0.0008547008547008547,0.020512820512820513,0.06923076923076923,0.041025641025641026,0.01452991452991453,0.05128205128205128,0.30256410256410254,0.10170940170940171,0.013675213675213675,0.06068376068376068,0.04188034188034188,0.022222222222222223,0.10341880341880341,0.5008547008547009,0.0452991452991453,0.21452991452991452,0.3282051282051282,0.019658119658119658,0.0641025641025641,0.002564102564102564,0.03504273504273504,0.006837606837606838,0.007692307692307693,0.004273504273504274,0.11538461538461539,0.05897435897435897,0.20683760683760682,0.003418803418803419,0.0905982905982906,0.0008547008547008547,0.02735042735042735,0.0,0.062393162393162394,0.0008547008547008547,0.07521367521367521,0.0547008547008547,0.008547008547008548,0.011111111111111112,0.0008547008547008547,0.04700854700854701,0.007692307692307693,0.011965811965811967,0.04188034188034188,0.1111111111111111,0.008547008547008548,0.004273504273504274,34.797843171917854,10.763427835086564,23.50913808992184,4.439027700237328,39.54705254955274,4.788255953674011
2024-06-01,0.09834469328140215,0.11100292112950341,0.011684518013631937,0.06183057448880234,0.3403115871470302,0.3612463485881207,0.11587147030185005,0.2818889970788705,0.02629016553067186,0.42210321324245376,0.13875365141187926,0.0004868549172346641,0.0,0.005355404089581304,0.0019474196689386564,0.038461538461538464,0.007302823758519961,0.0,0.009250243427458617,0.011197663096397274,0.01314508276533593,0.0024342745861733205,0.015092502434274586,0.0881207400194742,0.055501460564751706,0.02629016553067186,0.04771178188899708,0.28773125608568645,0.11002921129503408,0.011197663096397274,0.07205452775073028,0.028237585199610515,0.017039922103213243,0.1314508276533593,0.48490749756572543,0.02629016553067186,0.21080817916260955,0.2887049659201558,0.033106134371957155,0.03894839337877313,0.004868549172346641,0.03992210321324245,0.0034079844206426485,0.009737098344693282,0.010710808179162609,0.10759493670886076,0.07205452775073028,0.2370983446932814,0.0004868549172346641,0.09980525803310614,0.0009737098344693282,0.015092502434274586,0.0,0.06280428432327166,0.0024342745861733205,0.06377799415774099,0.03894839337877313,0.004868549172346641,0.017039922103213243,0.0,0.07400194741966894,0.005842259006815969,0.016066212268743916,0.03894839337877313,0.10370009737098344,0.005842259006815969,0.0019474196689386564,35.502670696767225,11.072510686095777,24.92864321372562,3.671663384713918,39.81488747972784,4.781242041885955
2024-07-01,0.09008160703075957,0.1016949152542373,0.0194601381042059,0.05273069679849341,0.3170119271814187,0.322661644695543,0.12554927809165098,0.30382925298179536,0.030759573132454487,0.4209039548022599,0.1271186440677966,0.00031387319522912746,0.0,0.0018832391713747645,0.002197112366603892,0.046139359698681735,0.007846829880728186,0.0,0.003138731952291274,0.009416195856873822,0.012868801004394225,0.002197112366603892,0.011927181418706842,0.07815442561205273,0.05586942875078468,0.017890772128060263,0.045825486503452605,0.2598870056497175,0.11958568738229755,0.02322661644695543,0.08286252354048965,0.03672316384180791,0.017890772128060263,0.09447583176396736,0.4642184557438795,0.030131826741996232,0.2015065913370998,0.3192090395480226,0.04551161330822348,0.061833019460138104,0.002824858757062147,0.04362837413684871,0.006277463904582548,0.00847457627118644,0.005963590709353421,0.11707470182046453,0.07532956685499058,0.22944130571249216,0.001569365976145637,0.10106716886377903,0.001569365976145637,0.029817953546767105,0.0,0.09792843691148775,0.0018832391713747645,0.07030759573132454,0.06246076585059636,0.010043942247332079,0.01820464532328939,0.0,0.07156308851224105,0.0006277463904582549,0.025423728813559324,0.030131826741996232,0.11927181418706842,0.0009416195856873823,0.003452605147520402,33.908044220566566,11.950492182917271,27.330209474956675,3.497099550879141,42.40223323681809,5.496132564715844
2024-08-01,0.08077099586966498,0.08490133088572739,0.018357044515832952,0.04268012849931161,0.3877925653969711,0.29646626893070216,0.09958696649839376,0.2849931161083066,0.060578246902248736,0.40431390546122076,0.15511702615878845,0.0009178522257916476,0.0,0.0032124827902707664,0.0018357044515832951,0.030289123451124368,0.011473152822395595,0.0,0.0018357044515832951,0.011932078935291418,0.008719596145020651,0.004130335016062414,0.01330885727397889,0.08031206975676916,0.060578246902248736,0.017439192290041303,0.04359798072510326,0.33134465351078474,0.13630105553005967,0.024782010096374485,0.08352455254703993,0.04222120238641579,0.02569986232216613,0.11977971546581001,0.48003671408903165,0.024782010096374485,0.20330426801284993,0.2826984855438274,0.03396053235429096,0.06837999082147775,0.002294630564479119,0.03763194125745755,0.005966039467645709,0.0073428178063331805,0.006883891693437357,0.1179440110142267,0.07755851307939422,0.22854520422212024,0.0004589261128958238,0.13079394217530976,0.0013767783386874712,0.016521340064249657,0.0,0.06837999082147775,0.0,0.06424965580541533,0.04910509407985315,0.013767783386874713,0.02294630564479119,0.0,0.05920146856356127,0.0009178522257916476,0.012849931161083065,0.03946764570904084,0.09866911427260211,0.0009178522257916476,0.0018357044515832951,32.679142073812194,11.366923829729826,29.023712205632417,3.92093285217917,41.577369116864475,5.638713455346299
2024-09-01,0.10950413223140495,0.11707988980716254,0.03443526170798898,0.05027548209366391,0.30509641873278237,0.3333333333333333,0.12052341597796143,0.2162534435261708,0.03236914600550964,0.41460055096418735,0.11983471074380166,0.003443526170798898,0.0006887052341597796,0.004132231404958678,0.005509641873278237,0.06887052341597796,0.005509641873278237,0.0,0.005509641873278237,0.011707988980716254,0.0027548209366391185,0.0013774104683195593,0.01652892561983471,0.08953168044077135,0.06129476584022039,0.009641873278236915,0.0337465564738292,0.2775482093663912,0.087465564738292,0.01652892561983471,0.05853994490358127,0.028925619834710745,0.01721763085399449,0.07988980716253444,0.4662534435261708,0.013774104683195593,0.20385674931129477,0.3071625344352617,0.01997245179063361,0.046831955922865015,0.0048209366391184574,0.03856749311294766,0.005509641873278237,0.013774104683195593,0.007575757575757576,0.09022038567493113,0.044765840220385676,0.22038567493112948,0.0013774104683195593,0.08608815426997245,0.0006887052341597796,0.014462809917355372,0.0,0.09366391184573003,0.0013774104683195593,0.08539944903581267,0.044765840220385676,0.013085399449035813,0.026170798898071626,0.0006887052341597796,0.025482093663911846,0.002066115702479339,0.008953168044077135,0.03994490358126722,0.07713498622589532,0.0027548209366391185,0.006198347107438017,31.74870823198595,11.521988685600206,26.835860420542424,4.123565534673763,41.3272803742556,5.901498873482696
2024-10-01,0.104,0.10666666666666667,0.016444444444444446,0.05511111111111111,0.33066666666666666,0.36044444444444446,0.13377777777777777,0.19955555555555557,0.05511111111111111,0.4622222222222222,0.11733333333333333,0.0017777777777777779,0.00044444444444444447,0.0008888888888888889,0.0013333333333333333,0.05288888888888889,0.013777777777777778,0.0008888888888888889,0.011111111111111112,0.024444444444444446,0.008888888888888889,0.00044444444444444447,0.028888888888888888,0.084,0.06133333333333333,0.008444444444444444,0.036444444444444446,0.3,0.07422222222222222,0.014222222222222223,0.03288888888888889,0.024444444444444446,0.008888888888888889,0.059555555555555556,0.5097777777777778,0.010666666666666666,0.25155555555555553,0.3217777777777778,0.030222222222222223,0.06533333333333333,0.008,0.068,0.0071111111111111115,0.018222222222222223,0.011111111111111112,0.08,0.04888888888888889,0.252,0.0,0.06088888888888889,0.0057777777777777775,0.020444444444444446,0.0,0.07644444444444444,0.008,0.08266666666666667,0.05333333333333334,0.014666666666666666,0.018666666666666668,0.0,0.028888888888888888,0.0017777777777777779,0.012,0.04888888888888889,0.096,0.004,0.009333333333333334,33.00813489028266,11.796272008471098,23.36007050633443,4.93528346729565,42.70455595492101,6.018176002589203
2024-11-01,0.08093070308548306,0.08750632271117856,0.01568032372281234,0.048052604957005564,0.3449671219018715,0.3075366717248356,0.11583206879109763,0.16894284269094587,0.07890743550834597,0.40515933232169954,0.15174506828528073,0.009104704097116844,0.0015174506828528073,0.0035407182599898838,0.0070814365199797676,0.0622154779969651,0.0065756196256954984,0.0,0.0065756196256954984,0.014668689934243804,0.008598887202832575,0.0005058168942842691,0.017703591299949417,0.06980273141122914,0.057157309054122404,0.01568032372281234,0.042994436014162876,0.3206879109762266,0.05968639352554375,0.01163378856853819,0.032878098128477494,0.020738492665655032,0.009104704097116844,0.0753667172483561,0.4365199797673242,0.03388973191704603,0.21851289833080426,0.2721294891249368,0.05614567526555387,0.05361659079413252,0.008598887202832575,0.05108750632271118,0.009610520991401113,0.01719777440566515,0.006069802731411229,0.0703085483055134,0.05614567526555387,0.20890237733940314,0.0,0.09559939301972686,0.005058168942842691,0.03237228123419322,0.0,0.05361659079413252,0.005058168942842691,0.05918057663125948,0.06980273141122914,0.014162873039959535,0.017703591299949417,0.0,0.03338391502276176,0.0015174506828528073,0.013657056145675266,0.035407182599898834,0.09610520991401113,0.0,0.0035407182599898838,33.37714831675378,12.337775418227894,19.491728059089077,5.546256420832224,42.7327368502703,5.5260626683443625
2024-12-01,0.0973630831643002,0.08924949290060852,0.02028397565922921,0.058823529411764705,0.34685598377281945,0.30628803245436104,0.13184584178498987,0.17647058823529413,0.06896551724137931,0.3691683569979716,0.1663286004056795,0.002028397565922921,0.0,0.004056795131845842,0.002028397565922921,0.0486815415821501,0.018255578093306288,0.0,0.010141987829614604,0.014198782961460446,0.014198782961460446,0.002028397565922921,0.02231237322515213,0.058823529411764705,0.034482758620689655,0.02028397565922921,0.02434077079107505,0.3265720081135903,0.058823529411764705,0.014198782961460446,0.036511156186612576,0.016227180527383367,0.004056795131845842,0.07910750507099391,0.4746450304259635,0.02231237322515213,0.2210953346855984,0.36511156186612576,0.058823529411764705,0.0872210953346856,0.0,0.058823529411764705,0.006085192697768763,0.02028397565922921,0.010141987829614604,0.08519269776876268,0.06288032454361055,0.27586206896551724,0.0,0.1460446247464503,0.008113590263691683,0.030425963488843813,0.0,0.060851926977687626,0.0,0.08316430020283976,0.09330628803245436,0.012170385395537525,0.02636916835699797,0.0,0.0486815415821501,0.004056795131845842,0.010141987829614604,0.04259634888438134,0.0973630831643002,0.0,0.008113590263691683,32.47563828745471,12.71518961179551,18.165632882726516,6.766135462027879,41.21833038472978,6.872367315405048
2025-01-01,0.14990138067061143,0.15187376725838264,0.040105193951347796,0.07560815253122946,0.37606837606837606,0.39250493096646943,0.13214990138067062,0.1834319526627219,0.024326101249178174,0.443129520052597,0.1282051282051282,0.0026298487836949377,0.0,0.011176857330703484,0.003287310979618672,0.04142011834319527,0.011834319526627219,0.0,0.022353714661406968,0.0190664036817883,0.020381328073635765,0.0,0.030900723208415515,0.10190664036817883,0.06837606837606838,0.04865220249835635,0.042077580539119,0.3458251150558843,0.08349769888231427,0.02564102564102564,0.04799474030243261,0.05654174884944116,0.008547008547008548,0.07232084155161078,0.4700854700854701,0.026298487836949377,0.20775805391190005,0.31097961867192636,0.026298487836949377,0.0650887573964497,0.007232084155161078,0.05259697567389875,0.0046022353714661405,0.023011176857330704,0.011834319526627219,0.13675213675213677,0.0880999342537804,0.31097961867192636,0.0,0.13609467455621302,0.0,0.028928336620644313,0.0,0.08086785009861933,0.006574621959237344,0.10387902695595003,0.05654174884944116,0.008547008547008548,0.030243261012491782,0.0,0.03879026955950033,0.0019723865877712033,0.015121630506245891,0.042077580539119,0.14595660749506903,0.0006574621959237344,0.011834319526627219,33.5443211715222,12.660927065225271,17.628179452965398,5.739968466630116,40.5819069790756,6.864214784175594
