date,Autres,C1105 - Actuariat,D1407 - Relation technico-commerciale,E1103 - Communication,E1205 - Designer UX/UI,E1402 - Élaboration de plan média,"H1206 - Management et ingénierie études, recherche et développement industriel",H1208 - Ingénieurie en automatisme,J1102 - Médecine généraliste et spécialisée,K1903 - Juriste,K2108 - Enseignement supérieur,K2111 - Formation professionnelle,K2402 - Biostatisticien,K2402 - Recherche en sciences naturelles,M1201 - Analyse et ingénierie financière,M1202 - Audit et contrôle comptables et financiers,M1203 - Comptabilité,M1204 - Chargé de recrutement,M1204 - Contrôle de gestion,M1205 - Direction administrative et financière,M1402 - Coach transformation numérique/agile,M1403 - Autres,M1403 - Chef de projet data,M1403 - Data engineer,M1403 - Data scientist,M1607 - Secrétariat,M1703 - Management et gestion de produit,M1704 - Relation client,M1705 - Marketing,M1707 - Stratégie commerciale,M1801 - Administration de systèmes d'information,M1802 - Expertise et support en systèmes d'information,M1803 - Direction des systèmes d'information,M1805 - Autres,M1805 - Chef de projet ia,M1805 - Développeur web/application,M1805 - Ingénieur ia/ml/cv/genai,M1806 - Conseil IA,M1806 - Conseil numérique,N1301 - Logisticien
2019-01-01,0.008333333333333333,0.0,0.0,0.008333333333333333,0.008333333333333333,0.0,0.06666666666666667,0.03333333333333333,0.0,0.0,0.0,0.008333333333333333,0.0,0.1,0.008333333333333333,0.0,0.0,0.0,0.008333333333333333,0.0,0.0,0.041666666666666664,0.0,0.008333333333333333,0.058333333333333334,0.008333333333333333,0.05,0.0,0.008333333333333333,0.0,0.0,0.0,0.0,0.058333333333333334,0.008333333333333333,0.2,0.2833333333333333,0.008333333333333333,0.016666666666666666,0.0
2019-02-01,0.003968253968253968,0.0,0.0,0.007936507936507936,0.007936507936507936,0.0,0.06349206349206349,0.023809523809523808,0.0,0.0,0.0,0.007936507936507936,0.0,0.05952380952380952,0.007936507936507936,0.0,0.0,0.007936507936507936,0.003968253968253968,0.0,0.0,0.04365079365079365,0.003968253968253968,0.023809523809523808,0.06349206349206349,0.015873015873015872,0.03968253968253968,0.011904761904761904,0.003968253968253968,0.007936507936507936,0.0,0.003968253968253968,0.003968253968253968,0.05555555555555555,0.027777777777777776,0.14682539682539683,0.32936507936507936,0.007936507936507936,0.015873015873015872,0.0
2019-03-01,0.0032258064516129032,0.0,0.0016129032258064516,0.0032258064516129032,0.0032258064516129032,0.0,0.03387096774193549,0.0064516129032258064,0.0,0.0,0.01129032258064516,0.008064516129032258,0.0016129032258064516,0.06129032258064516,0.00967741935483871,0.0,0.0,0.0064516129032258064,0.0,0.0016129032258064516,0.0,0.035483870967741936,0.012903225806451613,0.025806451612903226,0.14838709677419354,0.0064516129032258064,0.01129032258064516,0.0064516129032258064,0.004838709677419355,0.02258064516129032,0.0,0.0064516129032258064,0.0016129032258064516,0.06935483870967742,0.03225806451612903,0.14838709677419354,0.2725806451612903,0.025806451612903226,0.017741935483870968,0.0
2019-04-01,0.005494505494505495,0.0013736263736263737,0.0013736263736263737,0.0013736263736263737,0.0013736263736263737,0.0,0.02197802197802198,0.005494505494505495,0.0,0.0,0.013736263736263736,0.005494505494505495,0.0027472527472527475,0.08241758241758242,0.006868131868131868,0.0,0.0013736263736263737,0.005494505494505495,0.0,0.0013736263736263737,0.0,0.027472527472527472,0.01098901098901099,0.023351648351648352,0.14972527472527472,0.0013736263736263737,0.008241758241758242,0.0013736263736263737,0.005494505494505495,0.020604395604395604,0.0013736263736263737,0.008241758241758242,0.0,0.08516483516483517,0.03571428571428571,0.16346153846153846,0.24587912087912087,0.03296703296703297,0.020604395604395604,0.0
2019-05-01,0.010507880910683012,0.0035026269702276708,0.0,0.0,0.0,0.0,0.03852889667250438,0.014010507880910683,0.0,0.0,0.0070052539404553416,0.0,0.0017513134851138354,0.0893169877408056,0.0070052539404553416,0.0,0.0017513134851138354,0.0035026269702276708,0.0017513134851138354,0.0,0.0,0.024518388791593695,0.02626970227670753,0.021015761821366025,0.14010507880910683,0.0017513134851138354,0.01576182136602452,0.0035026269702276708,0.0070052539404553416,0.014010507880910683,0.0017513134851138354,0.005253940455341506,0.0,0.08056042031523643,0.03852889667250438,0.15236427320490367,0.2469352014010508,0.028021015761821366,0.014010507880910683,0.0
2019-06-01,0.012622720897615708,0.001402524544179523,0.0,0.0,0.0,0.0,0.047685834502103785,0.014025245441795231,0.0,0.0,0.008415147265077139,0.002805049088359046,0.0,0.08555399719495091,0.009817671809256662,0.0,0.0,0.002805049088359046,0.001402524544179523,0.001402524544179523,0.0,0.0182328190743338,0.023842917251051893,0.016830294530154277,0.16549789621318373,0.001402524544179523,0.011220196353436185,0.002805049088359046,0.008415147265077139,0.014025245441795231,0.0,0.001402524544179523,0.0,0.06872370266479663,0.030855539971949508,0.19915848527349228,0.21739130434782608,0.023842917251051893,0.008415147265077139,0.0
2019-07-01,0.01092896174863388,0.001366120218579235,0.0,0.0,0.0,0.0,0.05191256830601093,0.01092896174863388,0.0,0.0,0.00819672131147541,0.00273224043715847,0.0,0.10109289617486339,0.00546448087431694,0.0,0.00273224043715847,0.004098360655737705,0.001366120218579235,0.001366120218579235,0.0,0.012295081967213115,0.00819672131147541,0.028688524590163935,0.15846994535519127,0.0,0.009562841530054645,0.0,0.00546448087431694,0.017759562841530054,0.001366120218579235,0.00273224043715847,0.0,0.07513661202185792,0.031420765027322405,0.20355191256830601,0.20765027322404372,0.0273224043715847,0.00819672131147541,0.0
2019-08-01,0.00505902192242833,0.003372681281618887,0.0,0.0,0.0,0.0,0.06239460370994941,0.01011804384485666,0.0,0.0,0.003372681281618887,0.003372681281618887,0.0,0.09949409780775717,0.003372681281618887,0.0,0.003372681281618887,0.006745362563237774,0.0016863406408094434,0.0,0.0,0.01517706576728499,0.008431703204047217,0.026981450252951095,0.19392917369308602,0.006745362563237774,0.008431703204047217,0.003372681281618887,0.0016863406408094434,0.02023608768971332,0.0016863406408094434,0.01011804384485666,0.0,0.06913996627318718,0.03035413153456998,0.14502529510961215,0.21922428330522767,0.03372681281618887,0.003372681281618887,0.0
2019-09-01,0.0016556291390728477,0.0016556291390728477,0.0,0.0,0.0033112582781456954,0.0,0.04966887417218543,0.004966887417218543,0.0,0.0,0.008278145695364239,0.0033112582781456954,0.0,0.10927152317880795,0.009933774834437087,0.0033112582781456954,0.0,0.009933774834437087,0.0016556291390728477,0.0016556291390728477,0.0,0.011589403973509934,0.008278145695364239,0.0033112582781456954,0.21688741721854304,0.008278145695364239,0.004966887417218543,0.008278145695364239,0.0016556291390728477,0.019867549668874173,0.0016556291390728477,0.011589403973509934,0.0016556291390728477,0.06456953642384106,0.03642384105960265,0.1357615894039735,0.2152317880794702,0.033112582781456956,0.008278145695364239,0.0
2019-10-01,0.017276422764227643,0.0010162601626016261,0.0,0.0020325203252032522,0.0020325203252032522,0.0,0.047764227642276426,0.003048780487804878,0.0,0.0,0.00508130081300813,0.0020325203252032522,0.0,0.08434959349593496,0.006097560975609756,0.003048780487804878,0.0,0.003048780487804878,0.0040650406504065045,0.0010162601626016261,0.0,0.024390243902439025,0.00508130081300813,0.029471544715447155,0.17378048780487804,0.006097560975609756,0.01016260162601626,0.008130081300813009,0.00508130081300813,0.01524390243902439,0.0040650406504065045,0.011178861788617886,0.0040650406504065045,0.05589430894308943,0.034552845528455285,0.11788617886178862,0.28252032520325204,0.022357723577235773,0.008130081300813009,0.0
2019-11-01,0.018691588785046728,0.000778816199376947,0.0,0.003115264797507788,0.0,0.0,0.053738317757009345,0.00778816199376947,0.0,0.0,0.001557632398753894,0.001557632398753894,0.0,0.0794392523364486,0.001557632398753894,0.000778816199376947,0.0,0.001557632398753894,0.002336448598130841,0.0,0.0,0.042834890965732085,0.005451713395638629,0.0397196261682243,0.14330218068535824,0.004672897196261682,0.00778816199376947,0.00778816199376947,0.007009345794392523,0.014797507788161994,0.004672897196261682,0.010903426791277258,0.003115264797507788,0.061526479750778816,0.031931464174454825,0.1059190031152648,0.29439252336448596,0.03115264797507788,0.010124610591900311,0.0
2019-12-01,0.01079136690647482,0.0,0.0007194244604316547,0.002158273381294964,0.0,0.008633093525179856,0.045323741007194246,0.007913669064748202,0.0,0.002158273381294964,0.002158273381294964,0.0,0.0,0.09568345323741007,0.0035971223021582736,0.0,0.0,0.013669064748201438,0.0,0.0,0.0,0.045323741007194246,0.004316546762589928,0.027338129496402876,0.13381294964028778,0.0007194244604316547,0.004316546762589928,0.0057553956834532375,0.0057553956834532375,0.029496402877697843,0.005035971223021582,0.01223021582733813,0.0007194244604316547,0.06258992805755395,0.03669064748201439,0.1474820143884892,0.24100719424460432,0.030215827338129497,0.014388489208633094,0.0
2020-01-01,0.013613861386138614,0.0018564356435643563,0.0018564356435643563,0.0024752475247524753,0.0006188118811881188,0.007425742574257425,0.034653465346534656,0.01051980198019802,0.0,0.0018564356435643563,0.003094059405940594,0.0018564356435643563,0.0,0.06188118811881188,0.0049504950495049506,0.0006188118811881188,0.0012376237623762376,0.012995049504950494,0.0006188118811881188,0.0018564356435643563,0.0,0.03217821782178218,0.0012376237623762376,0.024752475247524754,0.1639851485148515,0.0012376237623762376,0.01051980198019802,0.006188118811881188,0.009282178217821782,0.024133663366336634,0.006806930693069307,0.021658415841584157,0.0024752475247524753,0.04207920792079208,0.03712871287128713,0.1639851485148515,0.2376237623762376,0.03650990099009901,0.012995049504950494,0.0012376237623762376
2020-02-01,0.017948717948717947,0.002564102564102564,0.0019230769230769232,0.0038461538461538464,0.000641025641025641,0.0,0.052564102564102565,0.020512820512820513,0.0,0.0,0.003205128205128205,0.002564102564102564,0.0,0.04807692307692308,0.0057692307692307696,0.001282051282051282,0.0019230769230769232,0.0038461538461538464,0.000641025641025641,0.004487179487179487,0.0,0.026282051282051282,0.0019230769230769232,0.027564102564102563,0.1641025641025641,0.002564102564102564,0.009615384615384616,0.010256410256410256,0.010256410256410256,0.010897435897435897,0.007051282051282051,0.022435897435897436,0.003205128205128205,0.04294871794871795,0.035897435897435895,0.14487179487179488,0.25769230769230766,0.03717948717948718,0.01217948717948718,0.001282051282051282
2020-03-01,0.013665594855305467,0.00482315112540193,0.001607717041800643,0.008038585209003215,0.0,0.0,0.06591639871382636,0.02491961414790997,0.0,0.0,0.00482315112540193,0.0008038585209003215,0.0,0.07234726688102894,0.01045016077170418,0.0008038585209003215,0.003215434083601286,0.001607717041800643,0.0,0.003215434083601286,0.0,0.03295819935691318,0.0040192926045016075,0.03376205787781351,0.12540192926045016,0.003215434083601286,0.0008038585209003215,0.013665594855305467,0.0040192926045016075,0.008038585209003215,0.008842443729903537,0.023311897106109324,0.012861736334405145,0.0707395498392283,0.03697749196141479,0.1422829581993569,0.22508038585209003,0.02491961414790997,0.012861736334405145,0.0
2020-04-01,0.009523809523809525,0.007619047619047619,0.0009523809523809524,0.009523809523809525,0.0,0.0,0.05142857142857143,0.018095238095238095,0.0,0.0,0.017142857142857144,0.0019047619047619048,0.0,0.06190476190476191,0.02095238095238095,0.0,0.002857142857142857,0.0009523809523809524,0.0,0.0038095238095238095,0.0,0.037142857142857144,0.006666666666666667,0.04285714285714286,0.13047619047619047,0.002857142857142857,0.0019047619047619048,0.013333333333333334,0.0038095238095238095,0.009523809523809525,0.010476190476190476,0.025714285714285714,0.022857142857142857,0.07904761904761905,0.03333333333333333,0.15142857142857144,0.17047619047619048,0.035238095238095235,0.014285714285714285,0.0019047619047619048
2020-05-01,0.015990159901599015,0.006150061500615006,0.0,0.0036900369003690036,0.0,0.0,0.04797047970479705,0.00984009840098401,0.0,0.0,0.03075030750307503,0.0036900369003690036,0.0,0.06027060270602706,0.03198031980319803,0.0,0.0,0.0024600246002460025,0.0,0.004920049200492005,0.0,0.028290282902829027,0.012300123001230012,0.03936039360393604,0.14760147601476015,0.0012300123001230013,0.0036900369003690036,0.007380073800738007,0.004920049200492005,0.015990159901599015,0.006150061500615006,0.01968019680196802,0.014760147601476014,0.08241082410824108,0.03198031980319803,0.15252152521525214,0.15990159901599016,0.033210332103321034,0.01845018450184502,0.0024600246002460025
2020-06-01,0.020134228187919462,0.006711409395973154,0.0,0.0,0.0,0.0,0.04429530201342282,0.005369127516778523,0.0,0.0,0.03087248322147651,0.005369127516778523,0.0,0.06711409395973154,0.02953020134228188,0.0,0.0,0.004026845637583893,0.0,0.0,0.0,0.021476510067114093,0.010738255033557046,0.028187919463087248,0.13020134228187918,0.0,0.004026845637583893,0.010738255033557046,0.004026845637583893,0.0174496644295302,0.0013422818791946308,0.016107382550335572,0.006711409395973154,0.10469798657718121,0.036241610738255034,0.16644295302013423,0.18523489932885906,0.0174496644295302,0.025503355704697986,0.0
2020-07-01,0.01927437641723356,0.003401360544217687,0.0,0.0,0.0011337868480725624,0.0,0.05215419501133787,0.005668934240362812,0.0,0.0,0.017006802721088437,0.003401360544217687,0.0,0.035147392290249435,0.022675736961451247,0.0,0.0,0.0045351473922902496,0.0,0.003401360544217687,0.0,0.018140589569160998,0.005668934240362812,0.035147392290249435,0.15532879818594103,0.0,0.017006802721088437,0.017006802721088437,0.0045351473922902496,0.017006802721088437,0.0,0.022675736961451247,0.006802721088435374,0.0691609977324263,0.026077097505668934,0.18480725623582767,0.21315192743764172,0.013605442176870748,0.026077097505668934,0.0
2020-08-01,0.012526096033402923,0.0,0.0,0.0020876826722338203,0.0041753653444676405,0.0,0.061586638830897704,0.010438413361169102,0.0,0.0,0.005219206680584551,0.0,0.0,0.04592901878914405,0.011482254697286013,0.0,0.0,0.0041753653444676405,0.0010438413361169101,0.0041753653444676405,0.0,0.009394572025052192,0.007306889352818371,0.04279749478079332,0.16910229645093947,0.003131524008350731,0.0407098121085595,0.011482254697286013,0.003131524008350731,0.011482254697286013,0.0010438413361169101,0.028183716075156576,0.010438413361169102,0.038622129436325675,0.022964509394572025,0.17640918580375783,0.23068893528183715,0.010438413361169102,0.019832985386221295,0.0
2020-09-01,0.011191047162270184,0.0,0.0,0.002398081534772182,0.004796163069544364,0.0,0.04876099120703437,0.012789768185451638,0.0,0.0,0.006394884092725819,0.0007993605115907274,0.003996802557953637,0.053557154276578735,0.003996802557953637,0.0,0.0,0.002398081534772182,0.0015987210231814548,0.0007993605115907274,0.0,0.004796163069544364,0.010391686650679457,0.04396482813749001,0.13269384492406075,0.002398081534772182,0.03996802557953637,0.004796163069544364,0.0007993605115907274,0.004796163069544364,0.002398081534772182,0.023980815347721823,0.007993605115907274,0.07194244604316546,0.03437250199840128,0.18864908073541167,0.2422062350119904,0.020783373301358914,0.009592326139088728,0.0
2020-10-01,0.01405152224824356,0.000585480093676815,0.0,0.000585480093676815,0.009953161592505855,0.0,0.04156908665105386,0.01288056206088993,0.0,0.0,0.01053864168618267,0.000585480093676815,0.002927400468384075,0.05327868852459016,0.00585480093676815,0.0,0.0,0.00117096018735363,0.00117096018735363,0.000585480093676815,0.0,0.022833723653395786,0.00702576112412178,0.03747072599531616,0.12470725995316159,0.0,0.026346604215456676,0.007611241217798595,0.001756440281030445,0.008782201405152224,0.00234192037470726,0.01873536299765808,0.004098360655737705,0.07611241217798595,0.03161592505854801,0.19847775175644028,0.23594847775175645,0.03395784543325527,0.005269320843091335,0.00117096018735363
2020-11-01,0.016338028169014085,0.007887323943661971,0.0,0.0011267605633802818,0.012957746478873239,0.0,0.04112676056338028,0.01971830985915493,0.0,0.0,0.010704225352112675,0.0,0.0,0.05971830985915493,0.0033802816901408453,0.0,0.0,0.0005633802816901409,0.0005633802816901409,0.0005633802816901409,0.0,0.028169014084507043,0.0022535211267605635,0.03943661971830986,0.11774647887323944,0.0,0.018028169014084508,0.009014084507042254,0.006197183098591549,0.012394366197183098,0.0016901408450704226,0.01971830985915493,0.0033802816901408453,0.059154929577464786,0.030985915492957747,0.17746478873239438,0.26028169014084507,0.030985915492957747,0.007323943661971831,0.0011267605633802818
2020-12-01,0.027143738433066007,0.00863664404688464,0.0,0.0024676125848241827,0.00987045033929673,0.0,0.04380012338062924,0.02961135101789019,0.0,0.0,0.00987045033929673,0.0,0.0012338062924120913,0.09747069710055521,0.0,0.0,0.0006169031462060457,0.0006169031462060457,0.0006169031462060457,0.0,0.0,0.02961135101789019,0.00987045033929673,0.030228254164096236,0.12523133867982728,0.0,0.014805675508945095,0.0030845157310302285,0.011721159777914868,0.012338062924120914,0.0006169031462060457,0.020357803824799507,0.0030845157310302285,0.041949413942011106,0.030845157310302282,0.12523133867982728,0.283775447254781,0.01850709438618137,0.006169031462060457,0.0006169031462060457
2021-01-01,0.028552456839309428,0.0006640106241699867,0.0,0.00597609561752988,0.009296148738379814,0.0,0.043824701195219126,0.02656042496679947,0.0,0.0,0.016600265604249667,0.0013280212483399733,0.0026560424966799467,0.12084993359893759,0.0006640106241699867,0.0,0.0006640106241699867,0.0006640106241699867,0.00199203187250996,0.0,0.0,0.033200531208499334,0.013280212483399735,0.02390438247011952,0.15604249667994688,0.0006640106241699867,0.019256308100929615,0.0026560424966799467,0.00796812749003984,0.010624169986719787,0.0006640106241699867,0.013944223107569721,0.0073041168658698535,0.04847277556440903,0.03253652058432935,0.11221779548472775,0.23970783532536521,0.013280212483399735,0.0033200531208499337,0.0006640106241699867
2021-02-01,0.018894331700489854,0.0006997900629811056,0.0,0.007697690692792162,0.01119664100769769,0.0,0.03848845346396081,0.02309307207837649,0.0,0.0,0.020293911826452064,0.0034989503149055285,0.007697690692792162,0.10426871938418475,0.0006997900629811056,0.0006997900629811056,0.0,0.0,0.0027991602519244225,0.0,0.0013995801259622112,0.02239328201539538,0.01119664100769769,0.04828551434569629,0.14765570328901328,0.002099370188943317,0.01749475157452764,0.006298110566829951,0.00489853044086774,0.00979706088173548,0.0006997900629811056,0.008397480755773267,0.01469559132260322,0.05878236529041288,0.03358992302309307,0.15255423372988103,0.20083974807557733,0.011896431070678797,0.006997900629811057,0.0
2021-03-01,0.025974025974025976,0.001129305477131564,0.001129305477131564,0.006211180124223602,0.007905138339920948,0.000564652738565782,0.043478260869565216,0.017504234895539244,0.000564652738565782,0.0,0.024844720496894408,0.00564652738565782,0.007340485601355167,0.10107284020327499,0.000564652738565782,0.000564652738565782,0.001129305477131564,0.0,0.0016939582156973462,0.0,0.0016939582156973462,0.020327498588368152,0.00846979107848673,0.03500846979107849,0.14680971202710333,0.0016939582156973462,0.010163749294184076,0.006211180124223602,0.005081874647092038,0.010163749294184076,0.003952569169960474,0.006211180124223602,0.00846979107848673,0.05138339920948617,0.025409373235460192,0.19988706945228685,0.19028797289666854,0.011857707509881422,0.009034443817052512,0.000564652738565782
2021-04-01,0.03194748358862144,0.00087527352297593,0.002188183807439825,0.003063457330415755,0.00612691466083151,0.000437636761487965,0.03982494529540481,0.016192560175054705,0.00087527352297593,0.0,0.02363238512035011,0.0056892778993435445,0.00175054704595186,0.09015317286652079,0.00175054704595186,0.000437636761487965,0.00087527352297593,0.0,0.000437636761487965,0.0,0.000437636761487965,0.03413566739606127,0.003063457330415755,0.021444201312910284,0.18468271334792122,0.00087527352297593,0.01050328227571116,0.004814004376367615,0.00262582056892779,0.011378555798687089,0.0056892778993435445,0.007439824945295405,0.00350109409190372,0.06258205689277899,0.022319474835886213,0.20525164113785557,0.16892778993435448,0.01487964989059081,0.0087527352297593,0.000437636761487965
2021-05-01,0.03249804228660924,0.00039154267815191856,0.0023492560689115116,0.001957713390759593,0.008613938919342208,0.0,0.04267815191855912,0.018794048551292093,0.0007830853563038371,0.0007830853563038371,0.020751761942051684,0.004306969459671104,0.0,0.07204385277995301,0.0023492560689115116,0.00039154267815191856,0.0007830853563038371,0.0011746280344557558,0.003523884103367267,0.0007830853563038371,0.0,0.03523884103367267,0.005873140172278779,0.028974158183241974,0.19733750978856696,0.0011746280344557558,0.022709475332811275,0.003915426781519186,0.003523884103367267,0.01096319498825372,0.00822239624119029,0.005873140172278779,0.00274079874706343,0.06851996867658575,0.022709475332811275,0.18872357086922475,0.1350822239624119,0.023492560689115115,0.019968676585747847,0.0
2021-06-01,0.022521008403361343,0.0003361344537815126,0.004369747899159664,0.002689075630252101,0.007058823529411765,0.0013445378151260505,0.043697478991596636,0.019831932773109243,0.0003361344537815126,0.0013445378151260505,0.018487394957983194,0.004369747899159664,0.0036974789915966387,0.07563025210084033,0.006050420168067227,0.0003361344537815126,0.0010084033613445378,0.002352941176470588,0.005042016806722689,0.0013445378151260505,0.0,0.03159663865546219,0.008067226890756302,0.03831932773109244,0.16134453781512606,0.0010084033613445378,0.027563025210084035,0.005042016806722689,0.004705882352941176,0.01411764705882353,0.009411764705882352,0.008067226890756302,0.002689075630252101,0.07630252100840336,0.021512605042016807,0.17546218487394957,0.133781512605042,0.03159663865546219,0.027563025210084035,0.0
2021-07-01,0.015275813295615276,0.0005657708628005657,0.005940594059405941,0.0014144271570014145,0.004526166902404526,0.0014144271570014145,0.03507779349363508,0.015841584158415842,0.0,0.0008486562942008486,0.012164073550212163,0.006223479490806223,0.004809052333804809,0.07553041018387553,0.008486562942008486,0.0014144271570014145,0.0008486562942008486,0.0016973125884016972,0.0016973125884016972,0.0014144271570014145,0.0,0.031117397454031116,0.007072135785007072,0.036492220650636495,0.15586987270155586,0.0002828854314002829,0.019801980198019802,0.005091937765205092,0.005374823196605375,0.01867043847241867,0.007072135785007072,0.01272984441301273,0.004526166902404526,0.09137199434229137,0.018104667609618104,0.1884016973125884,0.1405940594059406,0.04328147100424328,0.018953323903818955,0.0
2021-08-01,0.019738751814223514,0.0023222060957910013,0.003193033381712627,0.0011611030478955006,0.0052249637155297535,0.0011611030478955006,0.029898403483309143,0.010740203193033381,0.0,0.00029027576197387516,0.008998548621190131,0.0046444121915820025,0.0020319303338171262,0.06386066763425254,0.006966618287373005,0.0011611030478955006,0.0011611030478955006,0.0008708272859216256,0.0,0.0008708272859216256,0.0,0.025253991291727142,0.009288824383164005,0.036284470246734396,0.16516690856313498,0.00029027576197387516,0.012481857764876633,0.006386066763425254,0.0055152394775036286,0.01625544267053701,0.006095791001451379,0.010740203193033381,0.0037735849056603774,0.10101596516690857,0.018867924528301886,0.21480406386066764,0.14194484760522497,0.04934687953555878,0.012191582002902757,0.0
2021-09-01,0.019121601434120106,0.0023902001792650133,0.0005975500448162533,0.0011951000896325067,0.0044816253361219,0.00089632506722438,0.027786077083955783,0.015237526142814461,0.00268897520167314,0.0005975500448162533,0.008664475649835674,0.00089632506722438,0.00029877502240812666,0.06124887959366597,0.005079175380938153,0.0011951000896325067,0.00089632506722438,0.00029877502240812666,0.0,0.0,0.0,0.020914251568568867,0.010457125784284434,0.04003585300268898,0.14908873618165522,0.0032865252464893933,0.010158350761876307,0.009560800717060053,0.00627427547057066,0.014042426053181954,0.0044816253361219,0.008664475649835674,0.0068718255153869135,0.09023005676725426,0.014938751120406334,0.24708694353152078,0.14908873618165522,0.04212727815954586,0.01882282641171198,0.00029877502240812666
2021-10-01,0.01515858208955224,0.0009328358208955224,0.0016324626865671641,0.0025652985074626866,0.0020988805970149254,0.0,0.029384328358208957,0.014925373134328358,0.004197761194029851,0.0011660447761194029,0.007462686567164179,0.0025652985074626866,0.0,0.05363805970149254,0.004430970149253731,0.0011660447761194029,0.0016324626865671641,0.0018656716417910447,0.0004664179104477612,0.0002332089552238806,0.0,0.02775186567164179,0.008861940298507462,0.041744402985074626,0.162080223880597,0.003498134328358209,0.013059701492537313,0.008861940298507462,0.010261194029850746,0.014458955223880597,0.002798507462686567,0.011194029850746268,0.008628731343283583,0.07625932835820895,0.014692164179104478,0.21105410447761194,0.1765391791044776,0.04081156716417911,0.021222014925373133,0.0006996268656716418
2021-11-01,0.015781922525107604,0.001673840267814443,0.0014347202295552368,0.0028694404591104736,0.0014347202295552368,0.0,0.02965088474414156,0.010760401721664276,0.0026303204208512673,0.0007173601147776184,0.009564801530368245,0.003347680535628886,0.00047824007651841227,0.05810616929698709,0.003825920612147298,0.0009564801530368245,0.001912960306073649,0.003586800573888092,0.0009564801530368245,0.0007173601147776184,0.0,0.033237685318029654,0.008130081300813009,0.04519368723098996,0.15758010521281685,0.0014347202295552368,0.012434241989478718,0.006695361071257772,0.009325681492109038,0.013868962219033954,0.0026303204208512673,0.01602104256336681,0.008369201339072214,0.0705404112864658,0.02223816355810617,0.16690578670492587,0.22381635581061693,0.033237685318029654,0.01721664275466284,0.0007173601147776184
2021-12-01,0.011179132286398722,0.0037263774287995743,0.0023955283470854403,0.002927867979771094,0.005855735959542188,0.0007985094490284802,0.029012509981368114,0.010380622837370242,0.002129358530742614,0.0013308490817141336,0.021293585307426137,0.0018631887143997872,0.001064679265371307,0.06654245408570668,0.0018631887143997872,0.0013308490817141336,0.0007985094490284802,0.0031940377961139207,0.0007985094490284802,0.0015970188980569604,0.0,0.031141868512110725,0.0077189246739419745,0.040191642267766836,0.13122171945701358,0.0005323396326856535,0.009315943571998934,0.006388075592227841,0.005589566143199361,0.016768698429598085,0.006121905775885015,0.01703486824594091,0.006654245408570668,0.06627628426936386,0.024753792919882885,0.1913760979504924,0.23076923076923078,0.021293585307426137,0.01623635879691243,0.0005323396326856535
2022-01-01,0.01145311381531854,0.00572655690765927,0.00190885230255309,0.0035790980672870437,0.007396802672393224,0.000954426151276545,0.03889286566451921,0.010975900739680267,0.0023860653781913625,0.00190885230255309,0.02219040801717967,0.0033404915294679076,0.0016702457647339538,0.06275351944643283,0.0035790980672870437,0.0004772130756382725,0.0004772130756382725,0.00190885230255309,0.0011930326890956812,0.0014316392269148174,0.0,0.03054163684084944,0.00763540921021236,0.03412073490813648,0.13648293963254593,0.0014316392269148174,0.009782868050584585,0.011214507277499404,0.008112622285850633,0.02099737532808399,0.00882844189930804,0.01717967072297781,0.005249343832020997,0.07516105941302792,0.014793605344786447,0.20687186828919113,0.19064662371748986,0.01980434263898831,0.016225244571701266,0.0007158196134574087
2022-02-01,0.01795376291195278,0.0036891293654697493,0.0,0.0031972454500737825,0.007132316773241515,0.0004918839153959665,0.048942449581898674,0.012051155927201181,0.0022134776192818495,0.0014756517461878996,0.01795376291195278,0.004918839153959666,0.0012297097884899164,0.0676340383669454,0.004672897196261682,0.0,0.0012297097884899164,0.001967535661583866,0.001967535661583866,0.0012297097884899164,0.0,0.027545499262174127,0.006640432857845549,0.02852926709296606,0.13772749631087064,0.001721593703885883,0.012051155927201181,0.01500245941957698,0.008362026561731432,0.02680767338908018,0.006886374815543532,0.018445646827348745,0.006886374815543532,0.08116084604033448,0.00909985243482538,0.20363994097393015,0.17560255779636005,0.015986227250368912,0.01721593703885883,0.0007378258730939498
2022-03-01,0.01957249549317538,0.001545197012619109,0.0,0.0025753283543651817,0.010816379088333763,0.0002575328354365182,0.05150656708730363,0.013649240278135463,0.004120525366984291,0.0020602626834921455,0.015709502961627608,0.003347926860674736,0.0005150656708730364,0.06361061035281998,0.0036054596961112542,0.0010301313417460727,0.0012876641771825909,0.003347926860674736,0.0012876641771825909,0.0012876641771825909,0.0,0.024465619366469224,0.008241050733968582,0.024208086531032708,0.13855266546484676,0.0012876641771825909,0.015967035797064124,0.011846510430079836,0.006438320885912954,0.031161473087818695,0.005408189544166882,0.013649240278135463,0.006438320885912954,0.07545712078289982,0.012361576100952872,0.234097347411795,0.15477723409734742,0.0169971671388102,0.017254699974246716,0.0002575328354365182
2022-04-01,0.01706653475142221,0.002968093000247341,0.0012367054167697256,0.0012367054167697256,0.009398961167449914,0.0,0.046252782587187735,0.013851100667820925,0.006925550333910463,0.0037101162503091764,0.012367054167697254,0.003957457333663122,0.0009893643334157804,0.05490972050457581,0.004699480583724957,0.0014840465001236705,0.0009893643334157804,0.002473410833539451,0.0017313875834776156,0.002720751916893396,0.0,0.023250061835270838,0.011625030917635419,0.022755379668562947,0.12540192926045016,0.0009893643334157804,0.019539945584961662,0.006925550333910463,0.008904279000742024,0.024981449418748455,0.005688844917140737,0.013851100667820925,0.005936186000494682,0.07148157308929014,0.0175612169181301,0.2913677961909473,0.12713331684392778,0.01904526341825377,0.01409844175117487,0.0004946821667078902
2022-05-01,0.019807140995569454,0.0026062027625749283,0.0028668230388324213,0.001563721657544957,0.009382329945269743,0.0,0.03440187646598905,0.013291634089132134,0.007297367735209799,0.0028668230388324213,0.012249152984102164,0.004430544696377378,0.0007818608287724785,0.05942142298670837,0.003909304143862392,0.0007818608287724785,0.0010424811050299713,0.0028668230388324213,0.0020849622100599426,0.0049517852488923635,0.0,0.017200938232994525,0.010685431326557205,0.01850403961428199,0.10112066718790721,0.00026062027625749283,0.019807140995569454,0.007297367735209799,0.008600469116497263,0.01746155850925202,0.0049517852488923635,0.014073494917904612,0.005212405525149857,0.07140995569455304,0.021631482929371906,0.3429762835548606,0.12170966901224915,0.01746155850925202,0.012249152984102164,0.0007818608287724785
2022-06-01,0.025128865979381444,0.001288659793814433,0.0019329896907216496,0.004188144329896907,0.011597938144329897,0.0,0.031894329896907214,0.014175257731958763,0.0067654639175257734,0.0006443298969072165,0.011920103092783504,0.0032216494845360823,0.00032216494845360824,0.0705541237113402,0.002577319587628866,0.0016108247422680412,0.001288659793814433,0.00547680412371134,0.001288659793814433,0.004188144329896907,0.00032216494845360824,0.021262886597938145,0.007731958762886598,0.024484536082474227,0.09954896907216494,0.0,0.02190721649484536,0.007409793814432989,0.007731958762886598,0.019329896907216496,0.005154639175257732,0.014819587628865979,0.004510309278350515,0.07989690721649484,0.025128865979381444,0.28962628865979384,0.13788659793814434,0.017719072164948453,0.014819587628865979,0.0006443298969072165
2022-07-01,0.022213407378024592,0.0007933359777865926,0.0,0.005156683855612852,0.009520031733439112,0.0,0.03451011503371678,0.0218167393891313,0.005950019833399445,0.004760015866719556,0.013883379611265371,0.0035700119000396666,0.0,0.0753669178897263,0.002380007933359778,0.0019833399444664813,0.0015866719555731853,0.007933359777865925,0.00436334787782626,0.0019833399444664813,0.0007933359777865926,0.03649345497818326,0.008330027766759222,0.03292344307814359,0.12415708052360175,0.0,0.020626735422451407,0.005156683855612852,0.010710035700119,0.020626735422451407,0.005553351844506148,0.014676715589051963,0.006743355811186037,0.09837366124553748,0.025386751289170964,0.1824672748909163,0.14994049980166602,0.02023006743355811,0.01824672748909163,0.0007933359777865926
2022-08-01,0.025745257452574527,0.002258355916892502,0.0036133694670280035,0.0040650406504065045,0.014453477868112014,0.0,0.026196928635953028,0.02168021680216802,0.002258355916892502,0.005420054200542005,0.013098464317976514,0.0027100271002710027,0.0018066847335140017,0.07091237579042457,0.002258355916892502,0.0009033423667570009,0.0013550135501355014,0.01084010840108401,0.005420054200542005,0.0018066847335140017,0.00045167118337850043,0.031616982836495035,0.008130081300813009,0.03839205058717254,0.13098464317976513,0.004968383017163505,0.017163504968383016,0.005420054200542005,0.00993676603432701,0.014001806684733513,0.0076784101174345075,0.013098464317976514,0.0076784101174345075,0.1093044263775971,0.02077687443541102,0.17434507678410116,0.14905149051490515,0.02122854561878952,0.017615176151761516,0.0013550135501355014
2022-09-01,0.021843599825251202,0.0030581039755351682,0.004805591961555264,0.00436871996505024,0.01310615989515072,0.0,0.025775447793796417,0.014416775884665793,0.0,0.002621231979030144,0.011795543905635648,0.001310615989515072,0.00218435998252512,0.08125819134993446,0.002621231979030144,0.00043687199650502403,0.0008737439930100481,0.00873743993010048,0.00218435998252512,0.0008737439930100481,0.0,0.02053298383573613,0.005679335954565312,0.036260375709917,0.1345565749235474,0.0061162079510703364,0.020096111839231105,0.0061162079510703364,0.009174311926605505,0.01529051987767584,0.009174311926605505,0.013979903888160769,0.0061162079510703364,0.11489733508082133,0.027959807776321538,0.16426387068588905,0.16819571865443425,0.021406727828746176,0.01616426387068589,0.0017474879860200961
2022-10-01,0.021781534460338103,0.001625487646293888,0.0019505851755526658,0.004876462938881665,0.009102730819245773,0.0,0.03023407022106632,0.015604681404421327,0.002925877763328999,0.0019505851755526658,0.013328998699609884,0.0009752925877763329,0.0009752925877763329,0.0770481144343303,0.002600780234070221,0.0009752925877763329,0.00032509752925877764,0.0039011703511053317,0.0019505851755526658,0.00032509752925877764,0.00032509752925877764,0.022106631989596878,0.0055266579973992196,0.031209362808842653,0.14661898569570872,0.001625487646293888,0.0188556566970091,0.0068270481144343306,0.006501950585175552,0.021456436931079324,0.007802340702210663,0.01788036410923277,0.007477243172951885,0.09817945383615084,0.04096228868660598,0.13036410923276984,0.20188556566970092,0.025357607282184655,0.015604681404421327,0.0009752925877763329
2022-11-01,0.03349282296650718,0.0005980861244019139,0.0017942583732057417,0.008074162679425838,0.007476076555023923,0.0,0.028409090909090908,0.019138755980861243,0.0035885167464114833,0.0005980861244019139,0.011363636363636364,0.0011961722488038277,0.0005980861244019139,0.07177033492822966,0.003289473684210526,0.0014952153110047847,0.0002990430622009569,0.0017942583732057417,0.0020933014354066986,0.0002990430622009569,0.0005980861244019139,0.02452153110047847,0.00687799043062201,0.038875598086124404,0.14952153110047847,0.0023923444976076554,0.012858851674641148,0.00687799043062201,0.0062799043062200955,0.0215311004784689,0.006578947368421052,0.019736842105263157,0.006578947368421052,0.08911483253588516,0.038576555023923445,0.1187200956937799,0.21351674641148324,0.026614832535885168,0.012260765550239234,0.0005980861244019139
2022-12-01,0.027210884353741496,0.0037105751391465678,0.0012368583797155227,0.01020408163265306,0.005875077303648732,0.0,0.031849103277674706,0.02906617192331478,0.0021645021645021645,0.0012368583797155227,0.008039579468150896,0.0024737167594310453,0.0,0.0766852195423624,0.004329004329004329,0.0012368583797155227,0.00030921459492888067,0.0009276437847866419,0.0018552875695732839,0.0,0.00030921459492888067,0.020717377860235003,0.006802721088435374,0.03865182436611008,0.12708719851576994,0.0024737167594310453,0.006493506493506494,0.005875077303648732,0.006802721088435374,0.05411255411255411,0.004019789734075448,0.017316017316017316,0.004329004329004329,0.08750773036487322,0.03432282003710575,0.1326530612244898,0.20408163265306123,0.025974025974025976,0.011750154607297465,0.00030921459492888067
2023-01-01,0.024838709677419354,0.004838709677419355,0.0006451612903225806,0.006129032258064516,0.0064516129032258064,0.0,0.03516129032258065,0.03096774193548387,0.001935483870967742,0.001935483870967742,0.01,0.0035483870967741938,0.000967741935483871,0.07967741935483871,0.006129032258064516,0.0006451612903225806,0.0006451612903225806,0.0012903225806451613,0.0012903225806451613,0.0003225806451612903,0.0003225806451612903,0.014838709677419355,0.004838709677419355,0.03806451612903226,0.12258064516129032,0.001935483870967742,0.01064516129032258,0.006129032258064516,0.004838709677419355,0.0567741935483871,0.006129032258064516,0.012580645161290323,0.004838709677419355,0.09129032258064516,0.02838709677419355,0.1367741935483871,0.19806451612903225,0.031612903225806455,0.011612903225806452,0.0003225806451612903
2023-02-01,0.03865979381443299,0.0029455081001472753,0.0007363770250368188,0.004418262150220913,0.003681885125184094,0.0003681885125184094,0.028350515463917526,0.022459499263622975,0.004050073637702504,0.0014727540500736377,0.016568483063328424,0.0033136966126656848,0.001840942562592047,0.06885125184094257,0.0062592047128129605,0.0,0.0007363770250368188,0.0033136966126656848,0.0007363770250368188,0.0011045655375552283,0.0003681885125184094,0.02025036818851252,0.003681885125184094,0.0390279823269514,0.12297496318114874,0.0033136966126656848,0.01804123711340206,0.008468335787923416,0.004786450662739323,0.02614138438880707,0.007731958762886598,0.011045655375552283,0.007731958762886598,0.1093519882179676,0.020618556701030927,0.1332842415316642,0.20692194403534608,0.04013254786450663,0.005522827687776142,0.0007363770250368188
2023-03-01,0.03637074696910442,0.0023464998044583495,0.00039108330074305825,0.004692999608916699,0.0019554165037152915,0.00039108330074305825,0.027766914352757136,0.01759874853343762,0.005475166210402816,0.0007821666014861165,0.014078998826750098,0.004301916308173641,0.0007821666014861165,0.06531091122409073,0.004692999608916699,0.00039108330074305825,0.0019554165037152915,0.003128666405944466,0.0011732499022291747,0.0023464998044583495,0.0,0.028157997653500196,0.004692999608916699,0.032068830660930775,0.11732499022291748,0.004301916308173641,0.018771998435666796,0.010168165819319515,0.005475166210402816,0.025811497849041846,0.007039499413375049,0.010950332420805632,0.012123582323034806,0.11106765741102854,0.021900664841611264,0.13727023856081344,0.20844739929605005,0.04262807978099335,0.004692999608916699,0.0011732499022291747
2023-04-01,0.030131826741996232,0.0014124293785310734,0.0,0.0018832391713747645,0.00047080979284369113,0.0,0.033427495291902073,0.018361581920903956,0.0023540489642184556,0.00047080979284369113,0.013182674199623353,0.00423728813559322,0.0,0.07721280602636535,0.006120527306967985,0.00047080979284369113,0.002824858757062147,0.0009416195856873823,0.0023540489642184556,0.003766478342749529,0.0,0.02448210922787194,0.005178907721280603,0.029661016949152543,0.14030131826741996,0.005178907721280603,0.011299435028248588,0.011299435028248588,0.00423728813559322,0.015536723163841809,0.008945386064030132,0.006591337099811676,0.011299435028248588,0.0903954802259887,0.023540489642184557,0.14642184557438795,0.21516007532956685,0.04190207156308851,0.007532956685499058,0.0014124293785310734
2023-05-01,0.03412073490813648,0.0010498687664041995,0.0015748031496062992,0.0005249343832020997,0.0015748031496062992,0.0,0.030446194225721784,0.01942257217847769,0.0,0.0005249343832020997,0.014173228346456693,0.0068241469816272965,0.0,0.07979002624671916,0.008398950131233596,0.0,0.002099737532808399,0.0005249343832020997,0.0026246719160104987,0.004724409448818898,0.0,0.026771653543307086,0.0031496062992125984,0.028346456692913385,0.16115485564304463,0.0031496062992125984,0.012073490813648294,0.015223097112860892,0.003674540682414698,0.009973753280839895,0.009973753280839895,0.006299212598425197,0.008398950131233596,0.08293963254593176,0.032020997375328084,0.13490813648293964,0.2015748031496063,0.04199475065616798,0.008923884514435695,0.0010498687664041995
2023-06-01,0.04891555145362252,0.00046146746654360867,0.00692201199815413,0.00046146746654360867,0.0023073373327180432,0.0,0.02861098292570374,0.022150438394093218,0.0,0.0009229349330872173,0.015228426395939087,0.00692201199815413,0.0,0.0798338717120443,0.008306414397784956,0.0018458698661744347,0.0013844023996308261,0.004153207198892478,0.0023073373327180432,0.005076142131979695,0.0,0.024919243193354867,0.0023073373327180432,0.025380710659898477,0.148592524227042,0.0027688047992616522,0.016151361329026302,0.022150438394093218,0.003230272265805261,0.01661282879556991,0.005999077065066913,0.007383479464697739,0.011536686663590217,0.08860175357637287,0.031841255191509,0.13382556529764653,0.17720350715274574,0.03599446239040148,0.008767881864328565,0.0009229349330872173
2023-07-01,0.0438715513342379,0.0004522840343735866,0.007236544549977386,0.002261420171867933,0.003165988240615106,0.0,0.03618272274988693,0.022614201718679332,0.0,0.0009045680687471732,0.017639077340569877,0.003618272274988693,0.0,0.0777928539122569,0.0067842605156037995,0.002261420171867933,0.0013568521031207597,0.006331976481230212,0.002261420171867933,0.005427408412483039,0.0,0.018995929443690638,0.003165988240615106,0.02804161013116237,0.13975576662143827,0.004070556309362279,0.013116236996834011,0.01854364540931705,0.005427408412483039,0.022614201718679332,0.004522840343735866,0.008593396653098146,0.010854816824966078,0.09000452284034374,0.023518769787426504,0.13387607417458164,0.1786521935775667,0.041610131162369966,0.011307100859339666,0.003165988240615106
2023-08-01,0.03309431880860452,0.0027578599007170436,0.0027578599007170436,0.005515719801434087,0.0027578599007170436,0.0005515719801434088,0.04467733039161611,0.01765030336458908,0.0,0.0005515719801434088,0.012134583563154992,0.006067291781577496,0.0,0.07722007722007722,0.005515719801434087,0.0005515719801434088,0.001654715940430226,0.004964147821290678,0.002206287920573635,0.006067291781577496,0.0,0.01820187534473249,0.003861003861003861,0.03419746276889134,0.14009928295642582,0.0027578599007170436,0.015444015444015444,0.01654715940430226,0.00882515168229454,0.020959735245449532,0.004964147821290678,0.004964147821290678,0.0126861555432984,0.09156094870380585,0.02151130722559294,0.1329288472145615,0.17429674572531714,0.05239933811362383,0.013237727523441808,0.003861003861003861
2023-09-01,0.02676977989292088,0.003569303985722784,0.001189767995240928,0.003569303985722784,0.00297441998810232,0.001189767995240928,0.049970255800118976,0.01665675193337299,0.0,0.000594883997620464,0.008328375966686495,0.006543723973825104,0.000594883997620464,0.06543723973825104,0.005353955978584176,0.001189767995240928,0.000594883997620464,0.001784651992861392,0.001784651992861392,0.004164187983343248,0.002379535990481856,0.026174895895300417,0.003569303985722784,0.03985722784057109,0.17608566329565734,0.002379535990481856,0.013087447947650209,0.016061867935752528,0.006543723973825104,0.013087447947650209,0.00297441998810232,0.001189767995240928,0.011302795954788817,0.09458655562165377,0.026174895895300417,0.13503866745984533,0.17608566329565734,0.039262343842950624,0.010113027959547887,0.001784651992861392
2023-10-01,0.01957905041605482,0.0009789525208027412,0.0004894762604013706,0.0009789525208027412,0.004894762604013705,0.0004894762604013706,0.04747919725893294,0.01908957415565345,0.0,0.0024473813020068525,0.00783162016642193,0.007342143906020558,0.0004894762604013706,0.07097405775819873,0.002936857562408223,0.0009789525208027412,0.0,0.0024473813020068525,0.0009789525208027412,0.0014684287812041115,0.002936857562408223,0.030837004405286344,0.0014684287812041115,0.039647577092511016,0.2344591287322565,0.005873715124816446,0.006363191385217817,0.00783162016642193,0.0034263338228095936,0.013705335291238374,0.005873715124816446,0.005873715124816446,0.006852667645619187,0.09006363191385218,0.03524229074889868,0.11502692119432208,0.1678903573176701,0.01957905041605482,0.014194811551639746,0.0009789525208027412
2023-11-01,0.02101028162717926,0.0004470272686633885,0.0,0.0049172999552972736,0.0049172999552972736,0.0004470272686633885,0.04202056325435852,0.016540008940545373,0.0,0.002235136343316942,0.012516763522574878,0.007152436298614216,0.0004470272686633885,0.08180599016540009,0.006258381761287439,0.0004470272686633885,0.0,0.002682163611980331,0.000894054537326777,0.0004470272686633885,0.0013410818059901655,0.030397854269110416,0.001788109074653554,0.03263299061242736,0.2212784979883773,0.004023245417970496,0.008940545373267769,0.010728654447921324,0.005364327223960662,0.016540008940545373,0.006705409029950827,0.009387572641931158,0.004470272686633884,0.09208761734465802,0.04067948144836835,0.10415735359856951,0.16808225301743407,0.013857845328565042,0.02056325435851587,0.001788109074653554
2023-12-01,0.020242914979757085,0.0,0.000449842555105713,0.008097165991902834,0.006297795771479982,0.000449842555105713,0.04228520017993702,0.012595591542959963,0.0,0.001349527665317139,0.012145748987854251,0.004948268106162843,0.000449842555105713,0.08547008547008547,0.01349527665317139,0.000449842555105713,0.000899685110211426,0.001349527665317139,0.000449842555105713,0.0,0.000899685110211426,0.024291497975708502,0.005398110661268556,0.024741340530814216,0.1830859199280252,0.001349527665317139,0.014844804318488529,0.011246063877642825,0.004048582995951417,0.01799370220422852,0.003598740440845704,0.0103463787674314,0.004048582995951417,0.10976158344579397,0.03418803418803419,0.09896536212325686,0.2015294646873594,0.017543859649122806,0.016644174538911382,0.004048582995951417
2024-01-01,0.019377568995889608,0.0005871990604815032,0.0005871990604815032,0.007633587786259542,0.005284791544333529,0.0,0.05226071638285379,0.015267175572519083,0.0,0.0017615971814445098,0.007046388725778039,0.005284791544333529,0.0,0.07809747504403992,0.012918379330593071,0.0,0.0011743981209630064,0.0011743981209630064,0.0,0.0005871990604815032,0.0005871990604815032,0.02524955960070464,0.007046388725778039,0.023487962419260128,0.16793893129770993,0.002348796241926013,0.012331180270111567,0.009395184967704051,0.0011743981209630064,0.022313564298297124,0.0011743981209630064,0.012331180270111567,0.005871990604815032,0.10158543746330007,0.03288314738696418,0.10099823840281856,0.22900763358778625,0.015854374633000587,0.014679976512037582,0.004697592483852026
2024-02-01,0.017501988862370723,0.0007955449482895784,0.0,0.011137629276054098,0.0015910898965791568,0.0007955449482895784,0.06682577565632458,0.018297533810660304,0.0,0.0015910898965791568,0.015910898965791568,0.011933174224343675,0.0,0.07319013524264122,0.006364359586316627,0.0015910898965791568,0.007159904534606206,0.0,0.0,0.0007955449482895784,0.0,0.046937151949085126,0.011933174224343675,0.028639618138424822,0.16706443914081145,0.0015910898965791568,0.007159904534606206,0.00954653937947494,0.00477326968973747,0.015910898965791568,0.002386634844868735,0.011137629276054098,0.003977724741447892,0.07000795544948289,0.03261734287987271,0.09785202863961814,0.21400159108989658,0.021479713603818614,0.014319809069212411,0.0031821797931583136
2024-03-01,0.01786896095301125,0.0,0.0,0.01257445400397088,0.001985440105890139,0.0006618133686300463,0.05890138980807412,0.011912640635340834,0.0006618133686300463,0.001985440105890139,0.01985440105890139,0.029781601588352084,0.0,0.07677035076108538,0.009265387160820648,0.001985440105890139,0.010589013898080741,0.0006618133686300463,0.0013236267372600927,0.0006618133686300463,0.0006618133686300463,0.03507610853739246,0.009265387160820648,0.022501654533421574,0.13500992720052946,0.003970880211780278,0.010589013898080741,0.003970880211780278,0.004632693580410324,0.00727994705493051,0.0033090668431502318,0.009927200529450696,0.005294506949040371,0.08802117802779616,0.0357379219060225,0.1171409662475182,0.20185307743216413,0.02514890800794176,0.020516214427531435,0.0026472534745201853
2024-04-01,0.015841584158415842,0.0019801980198019802,0.0019801980198019802,0.008580858085808581,0.0026402640264026403,0.0,0.04686468646864687,0.009240924092409241,0.0006600660066006601,0.0026402640264026403,0.02046204620462046,0.030363036303630363,0.0,0.10627062706270628,0.009240924092409241,0.0006600660066006601,0.011881188118811881,0.0026402640264026403,0.0019801980198019802,0.0006600660066006601,0.0006600660066006601,0.031023102310231022,0.007260726072607261,0.02046204620462046,0.11089108910891089,0.0039603960396039604,0.009240924092409241,0.0019801980198019802,0.005940594059405941,0.005280528052805281,0.0019801980198019802,0.009900990099009901,0.007260726072607261,0.10495049504950495,0.03564356435643564,0.12607260726072608,0.19075907590759075,0.029042904290429043,0.021122112211221122,0.0019801980198019802
2024-05-01,0.015021459227467811,0.002861230329041488,0.00357653791130186,0.002861230329041488,0.005722460658082976,0.0,0.03648068669527897,0.009298998569384835,0.0,0.00357653791130186,0.02145922746781116,0.012875536480686695,0.002861230329041488,0.11373390557939914,0.005722460658082976,0.0,0.009298998569384835,0.002145922746781116,0.001430615164520744,0.0,0.0,0.032188841201716736,0.011444921316165951,0.02074391988555079,0.13590844062947066,0.002145922746781116,0.005007153075822604,0.004291845493562232,0.007868383404864092,0.005722460658082976,0.000715307582260372,0.011444921316165951,0.005007153075822604,0.10014306151645208,0.031473533619456366,0.13447782546494993,0.1888412017167382,0.032188841201716736,0.02074391988555079,0.000715307582260372
2024-06-01,0.01737835153922542,0.0014895729890764648,0.0019860973187686196,0.004468718967229395,0.007447864945382324,0.0004965243296921549,0.03326713008937438,0.020854021847070508,0.0,0.004965243296921549,0.013406156901688183,0.007447864945382324,0.0024826216484607746,0.07795431976166832,0.0029791459781529296,0.0009930486593843098,0.0024826216484607746,0.003475670307845084,0.0004965243296921549,0.0024826216484607746,0.0,0.026812313803376366,0.007944389275074478,0.01638530287984111,0.12164846077457796,0.0014895729890764648,0.014895729890764648,0.003475670307845084,0.005461767626613704,0.003972194637537239,0.005461767626613704,0.022840119165839126,0.006951340615690168,0.07100297914597815,0.03475670307845084,0.17130089374379345,0.21896722939424032,0.023833167825223437,0.035253227408143,0.0009930486593843098
2024-07-01,0.01912889935256033,0.0008828722778104767,0.00264861683343143,0.006180105944673337,0.004708652148322542,0.0002942907592701589,0.034137728075338436,0.01912889935256033,0.0005885815185403178,0.003237198351971748,0.011477339611536198,0.026191877575044143,0.0002942907592701589,0.07828134196586227,0.0020600353148911123,0.0014714537963507945,0.0014714537963507945,0.002354326074161271,0.002942907592701589,0.0017657445556209534,0.0,0.02413184226015303,0.007651559741024131,0.012065921130076516,0.11506768687463213,0.0008828722778104767,0.02177751618599176,0.0011771630370806356,0.007651559741024131,0.01059446733372572,0.0044143613890523835,0.01971748087110065,0.01383166568569747,0.08063566804002355,0.04061212477928193,0.16391995291347852,0.20364920541494996,0.01971748087110065,0.0329605650382578,0.0002942907592701589
2024-08-01,0.03131284113760414,0.0008618213157138753,0.003160011490950876,0.005745475438092502,0.002298190175237001,0.0,0.03504740017236426,0.014938236139040505,0.0005745475438092502,0.002585463947141626,0.01120367710428038,0.032749209997127264,0.0,0.07153116920425165,0.0034472852628555013,0.002585463947141626,0.0017236426314277506,0.0002872737719046251,0.0037345590347601263,0.0014363688595231256,0.0,0.02470554438379776,0.009480034472852629,0.01177822464808963,0.12180407928756104,0.0011490950876185005,0.01982189026141913,0.0011490950876185005,0.008905486929043378,0.01350186727951738,0.003160011490950876,0.01235277219189888,0.014938236139040505,0.08905486929043378,0.043091065785693765,0.14938236139040506,0.1752370008618213,0.02240735420856076,0.04222924446997989,0.010629129560471129
2024-09-01,0.044885627967198964,0.001294777729823047,0.0017263703064307294,0.0034527406128614588,0.0008631851532153647,0.0,0.038411739318083726,0.01640051791109193,0.0,0.002589555459646094,0.008200258955545965,0.01683211048769961,0.0,0.06905481225722918,0.005179110919292188,0.0043159257660768235,0.0017263703064307294,0.0021579628830384117,0.0017263703064307294,0.0021579628830384117,0.0,0.03280103582218386,0.009495036685369012,0.0146741476046612,0.1316357358653431,0.004747518342684506,0.019421665947345707,0.005179110919292188,0.005179110919292188,0.02416918429003021,0.004747518342684506,0.010358221838584376,0.013379369874838154,0.0660336642209754,0.0487699611566681,0.12429866206301252,0.1665947345705654,0.030643072939145446,0.04704359085023738,0.01985325852395339
2024-10-01,0.034959349593495934,0.0008130081300813008,0.0,0.002845528455284553,0.0004065040650406504,0.0,0.03211382113821138,0.014227642276422764,0.0,0.004878048780487805,0.007317073170731708,0.007317073170731708,0.004471544715447155,0.07276422764227643,0.005691056910569106,0.0024390243902439024,0.0004065040650406504,0.0024390243902439024,0.006097560975609756,0.0004065040650406504,0.0,0.03414634146341464,0.006097560975609756,0.02886178861788618,0.12276422764227642,0.006910569105691057,0.015853658536585366,0.005691056910569106,0.004878048780487805,0.04227642276422764,0.004471544715447155,0.013414634146341463,0.01788617886178862,0.05447154471544716,0.04796747967479675,0.08943089430894309,0.24227642276422764,0.031300813008130084,0.025203252032520326,0.0065040650406504065
2024-11-01,0.030585602387168967,0.0011189854531891085,0.0011189854531891085,0.005221932114882507,0.0007459903021260724,0.0,0.02909362178291682,0.013800820589332338,0.0003729951510630362,0.00484893696381947,0.006340917568071615,0.006713912719134651,0.00484893696381947,0.07348004475941813,0.009324878776575904,0.0026109660574412533,0.0003729951510630362,0.0011189854531891085,0.007459903021260724,0.0003729951510630362,0.0,0.0350615441999254,0.007832898172323759,0.03245057814248415,0.10966057441253264,0.004102946661693398,0.01268183513614323,0.0029839612085042896,0.006340917568071615,0.026855650876538604,0.005221932114882507,0.011935844834017158,0.02126072361059306,0.06713912719134651,0.035434539350988434,0.09809772472957852,0.2651995524058187,0.03356956359567326,0.017903767251025736,0.006713912719134651
2024-12-01,0.029350104821802937,0.001397624039133473,0.002795248078266946,0.007686932215234102,0.0020964360587002098,0.0,0.037037037037037035,0.013976240391334731,0.0006988120195667365,0.001397624039133473,0.005590496156533892,0.0034940600978336828,0.001397624039133473,0.07966457023060797,0.013277428371767994,0.0041928721174004195,0.0,0.001397624039133473,0.004891684136967156,0.0006988120195667365,0.0,0.03843466107617051,0.012578616352201259,0.02445842068483578,0.1111111111111111,0.0020964360587002098,0.016771488469601678,0.002795248078266946,0.004891684136967156,0.008385744234800839,0.005590496156533892,0.010482180293501049,0.020964360587002098,0.07966457023060797,0.030747728860936407,0.11320754716981132,0.23829489867225717,0.045422781271837874,0.014675052410901468,0.008385744234800839
2025-01-01,0.03513909224011713,0.0,0.0007320644216691069,0.005856515373352855,0.0014641288433382138,0.0,0.03733528550512445,0.00951683748169839,0.0021961932650073207,0.0014641288433382138,0.013177159590043924,0.005124450951683748,0.0014641288433382138,0.04758418740849195,0.005124450951683748,0.0021961932650073207,0.0029282576866764276,0.0014641288433382138,0.005856515373352855,0.0,0.0,0.027086383601756955,0.014641288433382138,0.017569546120058566,0.1171303074670571,0.0007320644216691069,0.02635431918008785,0.004392386530014641,0.005856515373352855,0.008784773060029283,0.008052708638360176,0.013177159590043924,0.00951683748169839,0.060029282576866766,0.06661786237188873,0.17423133235724744,0.19765739385065886,0.04465592972181552,0.02342606149341142,0.0014641288433382138
